order_id,user_id,order_date,total_amount,status,shipping_address
1,240,2024-02-23 18:53:44,686800.0,SHIPPED,경상북도 보은군 반포대가 지하124
2,229,2021-05-09 05:46:36,162500.0,SHIPPED,부산광역시 성북구 도산대로 87-11 (지후김서동)
3,81,2023-06-23 15:03:54,116600.0,COMPLETED,충청북도 수원시 영통구 테헤란39가 90
4,39,2024-02-11 21:05:08,162500.0,COMPLETED,서울특별시 강동구 서초대75길 326
5,24,2025-08-03 09:52:39,325000.0,SHIPPED,대전광역시 동작구 백제고분길 734-98
6,7,2025-02-27 01:45:20,833900.0,COMPLETED,울산광역시 동대문구 압구정494로 지하858
7,109,2023-03-24 02:24:45,484300.0,COMPLETED,세종특별자치시 남구 서초대거리 464-66
8,28,2025-07-28 11:17:39,184000.0,COMPLETED,경상북도 용인시 개포길 301
9,98,2025-06-12 11:14:56,1079100.0,COMPLETED,전라남도 오산시 테헤란3거리 지하966 (영식문이읍)
10,171,2025-08-04 23:29:23,1005800.0,COMPLETED,부산광역시 관악구 석촌호수길 지하966 (준영최동)
11,137,2024-08-30 12:36:58,285400.0,COMPLETED,충청남도 서산시 학동가 지하49 (성훈김고면)
12,231,2023-08-08 19:55:01,571200.0,COMPLETED,대구광역시 북구 역삼45가 197 (지은한김동)
13,17,2023-01-13 18:21:08,660700.0,COMPLETED,경상북도 충주시 논현96로 691 (정순박김면)
14,158,2021-05-17 15:40:00,447600.0,COMPLETED,전라남도 원주시 반포대2거리 지하924
15,33,2023-08-07 10:16:43,935400.0,SHIPPED,전라남도 고양시 덕양구 잠실97로 974
16,82,2024-08-24 00:16:09,308000.0,COMPLETED,부산광역시 동구 선릉가 976 (미영김읍)
17,237,2023-03-31 20:32:33,227900.0,COMPLETED,경상북도 동해시 삼성로 189
18,43,2025-06-16 21:50:32,252300.0,COMPLETED,대전광역시 송파구 학동로 지하950
19,139,2020-10-04 15:20:31,196600.0,PENDING,제주특별자치도 괴산군 반포대12길 지하134 (채원백송동)
20,76,2024-10-18 15:08:24,839900.0,COMPLETED,부산광역시 구로구 도산대가 673-41 (상호서면)
21,79,2022-03-03 08:18:58,597700.0,COMPLETED,대전광역시 강남구 선릉길 709
22,231,2023-08-25 03:07:39,271500.0,CANCELLED,인천광역시 광진구 도산대로 821 (중수윤이마을)
23,109,2022-07-27 10:50:12,89900.0,COMPLETED,경상북도 의왕시 논현841길 450
24,61,2024-04-01 04:22:54,933700.0,COMPLETED,제주특별자치도 안산시 백제고분거리 617-59 (지우김면)
25,156,2025-02-24 18:54:29,428300.0,COMPLETED,서울특별시 관악구 강남대438길 지하356 (미경김김읍)
26,171,2025-08-03 12:58:04,383800.0,COMPLETED,경상북도 의정부시 언주길 378
27,97,2025-05-12 19:22:54,1173800.0,COMPLETED,충청북도 수원시 권선구 언주962가 847
28,190,2025-01-12 09:05:38,543600.0,COMPLETED,충청북도 충주시 봉은사003길 724 (도윤이동)
29,73,2022-09-17 08:42:46,335800.0,COMPLETED,강원도 수원시 권선구 테헤란6가 492 (예원김김면)
30,73,2024-07-17 09:21:38,678700.0,PENDING,전라남도 동두천시 선릉062길 528 (영길김동)
31,152,2023-06-30 20:28:16,503900.0,SHIPPED,경상북도 서산시 강남대로 256
32,215,2023-08-22 02:11:52,858000.0,PENDING,대구광역시 서구 석촌호수4로 463
33,107,2025-05-25 09:32:19,108700.0,PENDING,충청남도 홍성군 반포대가 지하623
34,158,2022-03-09 23:22:35,459000.0,COMPLETED,대구광역시 노원구 석촌호수로 685-5
35,189,2024-09-22 19:20:06,488900.0,COMPLETED,경상북도 화천군 영동대672로 135-33
36,178,2024-09-20 18:12:42,1135600.0,COMPLETED,제주특별자치도 구리시 삼성거리 510
37,231,2024-04-30 16:49:33,606100.0,COMPLETED,부산광역시 동작구 서초대길 673 (민석노읍)
38,172,2024-09-14 18:46:41,243200.0,COMPLETED,울산광역시 양천구 강남대로 346
39,227,2025-02-11 02:41:17,242800.0,COMPLETED,대전광역시 마포구 백제고분89로 182
40,236,2024-10-23 17:08:45,346200.0,COMPLETED,세종특별자치시 강서구 양재천길 801 (경수김마을)
41,228,2023-05-30 15:48:00,489300.0,SHIPPED,경상북도 천안시 서북구 선릉로 579 (보람이면)
42,211,2024-03-23 04:11:54,276000.0,COMPLETED,제주특별자치도 홍성군 도산대가 682
43,126,2025-04-04 14:31:26,481100.0,COMPLETED,경기도 이천시 삼성153로 776
44,136,2025-07-03 09:30:02,812800.0,CANCELLED,인천광역시 중구 영동대239길 179
45,130,2025-04-08 20:17:28,420900.0,COMPLETED,제주특별자치도 아산시 영동대5길 지하447
46,180,2024-01-02 15:42:44,684000.0,COMPLETED,제주특별자치도 파주시 오금길 351 (민재황최마을)
47,146,2022-07-06 21:48:38,40900.0,COMPLETED,울산광역시 마포구 석촌호수447가 949-84
48,213,2025-06-13 00:12:34,356400.0,COMPLETED,경기도 고양시 일산동구 논현1가 59-51 (옥순김이읍)
49,112,2025-01-25 10:12:34,199500.0,COMPLETED,울산광역시 양천구 압구정818길 600-70
50,168,2022-10-12 18:32:51,625900.0,COMPLETED,대전광역시 종로구 언주로 231-86 (중수송강읍)
51,112,2025-06-10 06:08:56,519300.0,COMPLETED,서울특별시 금천구 삼성거리 36
52,242,2024-11-10 09:42:55,158000.0,COMPLETED,부산광역시 서초구 오금로 113-44
53,216,2025-01-02 14:19:00,210600.0,PENDING,경기도 영월군 가락78로 900 (재현장최동)
54,111,2025-01-10 02:55:27,239400.0,COMPLETED,인천광역시 노원구 도산대가 661 (종수고읍)
55,250,2025-04-01 09:10:30,543600.0,SHIPPED,강원도 계룡시 오금가 198
56,143,2022-02-01 18:46:51,826700.0,SHIPPED,서울특별시 서초구 영동대로 467 (명숙배김면)
57,86,2024-10-04 15:28:40,1464800.0,SHIPPED,세종특별자치시 중구 강남대69거리 529 (은영김이마을)
58,220,2023-12-17 01:49:32,795500.0,SHIPPED,경상북도 용인시 수지구 잠실9거리 738 (영철김읍)
59,136,2025-04-08 09:11:01,767000.0,COMPLETED,경기도 용인시 기흥구 서초중앙길 266
60,22,2024-04-03 08:22:01,733900.0,COMPLETED,충청북도 구리시 석촌호수로 183-45
61,145,2025-05-16 11:41:13,831800.0,COMPLETED,세종특별자치시 구로구 백제고분3길 505 (하윤김이리)
62,15,2021-02-14 10:28:04,152800.0,COMPLETED,충청남도 서천군 봉은사가 657-32 (채원김동)
63,65,2025-06-27 00:52:37,469500.0,COMPLETED,충청북도 금산군 선릉거리 926-45 (민수서동)
64,220,2023-05-12 20:26:08,774300.0,COMPLETED,인천광역시 송파구 양재천298로 453-88
65,28,2021-08-21 18:40:19,312100.0,COMPLETED,전라남도 홍성군 언주길 271
66,243,2024-01-03 13:13:53,97500.0,COMPLETED,경상남도 홍성군 언주730가 994-42 (정웅강리)
67,210,2024-10-24 20:02:25,432700.0,COMPLETED,충청남도 평택시 반포대길 37-5 (정수김면)
68,49,2024-07-03 12:39:38,306100.0,COMPLETED,경기도 하남시 개포223길 333-21 (서준이면)
69,111,2023-07-23 17:59:35,217400.0,COMPLETED,제주특별자치도 안양시 동안구 영동대685로 644-58 (춘자김리)
70,74,2025-08-03 01:17:23,399900.0,COMPLETED,강원도 양양군 역삼거리 565-59 (상호김윤마을)
71,43,2025-07-01 02:42:01,575700.0,COMPLETED,울산광역시 강북구 삼성길 674-85
72,145,2023-12-18 09:48:44,46400.0,COMPLETED,서울특별시 서대문구 서초대가 823-96
73,228,2024-08-03 18:59:48,706100.0,COMPLETED,세종특별자치시 강남구 반포대길 31
74,34,2025-07-09 01:08:34,184200.0,COMPLETED,대전광역시 광진구 오금길 915 (아름장마을)
75,97,2025-06-24 16:06:35,585400.0,COMPLETED,대전광역시 광진구 백제고분20거리 71-88
76,163,2025-07-24 22:43:51,705400.0,COMPLETED,경기도 성남시 수정구 학동15가 260-79
77,68,2023-10-22 12:18:03,653800.0,COMPLETED,세종특별자치시 관악구 도산대2로 지하920 (예은김면)
78,161,2024-01-01 08:41:50,356500.0,COMPLETED,충청북도 청양군 영동대111거리 228-48
79,167,2025-08-02 01:38:40,577900.0,CANCELLED,인천광역시 영등포구 서초중앙거리 437-23 (재호최백리)
80,87,2021-06-19 14:58:52,868800.0,COMPLETED,경상남도 고양시 양재천333길 668
81,196,2025-01-11 01:36:23,116300.0,PENDING,경기도 청주시 상당구 테헤란643거리 171 (은주최최면)
82,212,2024-07-10 17:55:45,1271600.0,PENDING,대전광역시 종로구 서초중앙05가 140 (미숙이동)
83,13,2023-11-13 11:03:43,445800.0,COMPLETED,인천광역시 구로구 석촌호수가 216-90 (춘자홍홍리)
84,98,2025-03-17 14:37:01,358300.0,COMPLETED,충청북도 청주시 상당구 강남대816거리 839-54 (옥자이리)
85,138,2024-01-30 10:53:07,296900.0,CANCELLED,서울특별시 강북구 서초중앙6거리 지하652
86,143,2024-10-22 06:11:49,856900.0,COMPLETED,인천광역시 마포구 강남대805거리 지하753
87,247,2024-11-25 10:35:40,500900.0,COMPLETED,충청북도 고양시 석촌호수878로 498
88,128,2024-07-03 12:56:10,421000.0,COMPLETED,서울특별시 서초구 양재천2거리 지하296 (지현박리)
89,225,2022-02-26 00:20:42,349600.0,COMPLETED,전라남도 부천시 원미구 서초중앙가 340-96 (지원김리)
90,122,2025-02-16 14:29:33,607000.0,CANCELLED,부산광역시 성북구 서초중앙9길 155-56 (성현김리)
91,74,2025-08-02 03:51:01,920000.0,COMPLETED,전라북도 홍성군 잠실거리 지하154 (옥자정읍)
92,226,2024-12-13 15:01:47,328600.0,SHIPPED,대구광역시 은평구 반포대거리 지하12 (현준이류읍)
93,73,2024-02-08 10:11:39,767400.0,COMPLETED,인천광역시 광진구 삼성533길 496-55 (성현강리)
94,241,2024-08-14 13:31:16,233200.0,COMPLETED,대구광역시 양천구 가락로 지하864
95,146,2022-09-18 12:51:07,1068800.0,COMPLETED,전라남도 증평군 가락8가 833-56 (성현최한면)
96,242,2022-08-13 00:06:02,869800.0,COMPLETED,강원도 고양시 일산서구 반포대가 지하791
97,169,2021-04-07 07:16:55,489600.0,SHIPPED,대전광역시 영등포구 삼성257로 37-29 (수빈박동)
98,126,2024-09-26 12:33:38,635700.0,COMPLETED,서울특별시 송파구 석촌호수길 406-64 (정수김최면)
99,33,2022-07-30 07:13:41,548700.0,COMPLETED,전라남도 수원시 영통구 양재천거리 975-10
100,99,2023-11-02 01:59:41,429900.0,PENDING,전라북도 횡성군 학동7거리 724
101,35,2025-05-01 20:41:39,116600.0,COMPLETED,충청북도 아산시 백제고분07로 74
102,60,2025-04-08 12:40:23,326200.0,COMPLETED,경상북도 부천시 소사구 개포거리 384
103,71,2024-09-09 15:06:55,730300.0,SHIPPED,인천광역시 동구 잠실90길 151-14 (영미이김면)
104,250,2025-07-10 17:22:52,278900.0,SHIPPED,강원도 용인시 서초중앙346가 863 (현주오마을)
105,120,2025-05-30 03:35:20,641500.0,COMPLETED,광주광역시 양천구 언주208거리 지하165
106,143,2022-09-09 16:57:03,334200.0,COMPLETED,경상북도 수원시 권선구 오금180가 431 (수빈박동)
107,27,2023-10-28 16:40:46,568100.0,COMPLETED,울산광역시 동작구 압구정거리 544-34 (아름오엄동)
108,68,2023-12-07 01:59:24,693100.0,COMPLETED,대구광역시 강서구 테헤란길 662-92 (재현김리)
109,204,2024-05-15 01:59:06,1122400.0,COMPLETED,울산광역시 도봉구 역삼로 114 (현주송최면)
110,40,2024-07-06 18:36:27,628900.0,CANCELLED,대구광역시 노원구 선릉거리 지하913
111,119,2024-07-23 07:48:28,84800.0,COMPLETED,충청북도 수원시 영통구 선릉41로 지하672
112,142,2023-10-06 13:57:14,779700.0,COMPLETED,경기도 파주시 영동대954길 667-8
113,121,2024-01-26 17:08:38,555000.0,COMPLETED,제주특별자치도 천안시 동남구 오금가 290
114,95,2022-04-16 10:41:37,436800.0,COMPLETED,전라남도 홍성군 백제고분0가 88-45
115,236,2021-07-08 16:34:03,479900.0,COMPLETED,충청북도 성남시 중원구 서초대612가 지하484 (예준차읍)
116,37,2025-07-15 03:47:53,600700.0,COMPLETED,경기도 광명시 논현2가 801-77 (진호장이마을)
117,237,2024-10-18 21:56:52,704400.0,PENDING,부산광역시 중구 서초중앙395거리 385-51
118,177,2020-09-30 08:08:43,891400.0,COMPLETED,경상북도 안산시 도산대660로 917
119,131,2025-06-14 22:02:18,820100.0,CANCELLED,경상남도 과천시 오금72길 728 (정희송양읍)
120,215,2025-07-25 01:20:04,90000.0,COMPLETED,부산광역시 강북구 역삼길 343-24 (숙자김읍)
121,115,2020-09-11 12:05:00,96200.0,COMPLETED,서울특별시 관악구 선릉길 626
122,46,2024-07-23 13:29:05,306000.0,CANCELLED,광주광역시 강동구 서초중앙2길 619 (하윤이면)
123,100,2023-09-18 15:59:56,1259800.0,SHIPPED,인천광역시 은평구 반포대로 지하277
124,26,2024-11-21 16:31:06,188200.0,SHIPPED,경상남도 동두천시 영동대49가 663 (수진윤이마을)
125,73,2022-11-28 07:32:53,720900.0,COMPLETED,부산광역시 도봉구 잠실가 429 (영숙김리)
126,151,2022-10-10 12:51:20,1278100.0,SHIPPED,충청북도 오산시 압구정길 951-61 (지후김동)
127,27,2023-06-18 04:44:16,98200.0,PENDING,울산광역시 영등포구 삼성9거리 983-48
128,108,2022-03-07 04:01:25,780600.0,COMPLETED,경상남도 증평군 개포16로 984 (지아남면)
129,167,2025-07-19 04:22:24,367800.0,PENDING,대구광역시 동작구 테헤란로 534-74
130,55,2025-03-23 02:20:49,367800.0,COMPLETED,경기도 원주시 잠실5길 59
131,88,2025-03-22 05:25:42,661700.0,COMPLETED,제주특별자치도 부여군 학동308길 425-33 (정훈곽이면)
132,148,2024-08-09 06:29:44,462400.0,CANCELLED,대전광역시 서대문구 언주75길 835-22 (진우김강읍)
133,21,2023-12-09 20:11:26,281000.0,COMPLETED,울산광역시 양천구 압구정길 76-90 (수빈배마을)
134,148,2025-07-25 22:39:21,130400.0,COMPLETED,인천광역시 동구 역삼거리 949-41
135,167,2025-07-18 10:15:54,1017300.0,COMPLETED,울산광역시 동대문구 석촌호수로 90-37
136,68,2022-12-26 01:49:49,549800.0,SHIPPED,경상남도 양양군 강남대가 174-79 (지민박마을)
137,137,2024-06-15 19:41:36,788600.0,COMPLETED,부산광역시 송파구 압구정거리 519
138,15,2024-03-12 16:42:21,430400.0,COMPLETED,대전광역시 강동구 석촌호수가 572
139,195,2024-10-06 20:39:48,579200.0,COMPLETED,강원도 구리시 양재천길 115
140,17,2021-02-02 11:30:02,418000.0,CANCELLED,대구광역시 강동구 개포28길 666-29 (상훈박김면)
141,105,2025-02-26 06:33:55,188200.0,PENDING,전라북도 부천시 오정구 석촌호수21로 14-21
142,70,2023-01-07 13:30:24,913400.0,SHIPPED,충청남도 의정부시 잠실로 918-92
143,161,2022-01-01 08:46:24,552600.0,COMPLETED,경상남도 안양시 만안구 언주로 117
144,98,2025-04-10 14:23:33,601900.0,COMPLETED,경기도 증평군 역삼68길 707 (지우이양마을)
145,72,2024-01-17 01:29:23,685600.0,COMPLETED,부산광역시 동작구 서초중앙거리 450-45 (진호김박읍)
146,27,2025-04-13 10:09:44,510500.0,COMPLETED,충청남도 안양시 만안구 석촌호수43가 938-9
147,240,2023-06-01 17:10:05,152600.0,COMPLETED,인천광역시 종로구 오금길 489
148,216,2023-07-06 10:00:13,559200.0,PENDING,서울특별시 강서구 학동가 241
149,67,2023-06-04 08:00:42,319300.0,COMPLETED,경상남도 태백시 반포대764거리 683-61 (옥순이최읍)
150,127,2023-12-27 13:16:03,197600.0,COMPLETED,경상북도 서산시 가락611로 231-46
151,125,2025-07-14 21:35:27,821900.0,COMPLETED,경기도 정선군 선릉1로 90-41 (정호이리)
152,198,2025-07-29 21:45:10,175900.0,COMPLETED,대구광역시 동작구 삼성로 지하288 (진우김읍)
153,90,2025-07-31 00:28:47,770400.0,COMPLETED,광주광역시 남구 삼성46길 87-83
154,191,2024-02-29 05:32:43,1154500.0,SHIPPED,부산광역시 중랑구 양재천69거리 284
155,113,2025-04-26 17:27:10,1148800.0,PENDING,제주특별자치도 의정부시 반포대로 267-36 (준영이이리)
156,147,2023-06-08 12:00:41,244400.0,COMPLETED,충청북도 양주시 논현24길 658-36
157,159,2022-11-29 01:48:19,441800.0,PENDING,충청남도 동두천시 역삼95가 421-58 (지영김읍)
158,128,2024-12-03 03:37:20,138100.0,SHIPPED,경상북도 성남시 잠실로 761 (옥순성동)
159,112,2025-03-26 05:21:57,1028900.0,COMPLETED,울산광역시 관악구 선릉가 지하55 (영순곽김마을)
160,35,2025-01-31 19:59:39,89900.0,PENDING,부산광역시 금천구 삼성로 지하276 (은지김남동)
161,9,2025-05-04 10:52:34,501300.0,COMPLETED,대구광역시 북구 가락길 854 (경숙양양리)
162,218,2024-03-31 08:58:33,253900.0,COMPLETED,울산광역시 서초구 압구정454가 지하422
163,145,2024-02-12 16:09:58,232600.0,COMPLETED,대구광역시 금천구 석촌호수709길 467-38
164,249,2023-02-17 07:53:22,135000.0,COMPLETED,강원도 보령시 서초대244길 지하602 (민석송마을)
165,250,2025-07-18 01:44:30,874200.0,COMPLETED,충청남도 성남시 중원구 양재천로 451
166,91,2024-05-14 11:53:28,563500.0,COMPLETED,대구광역시 동구 영동대8로 372
167,110,2022-06-27 17:12:00,130800.0,COMPLETED,인천광역시 서대문구 서초중앙95길 856-24
168,5,2023-01-11 21:54:38,374700.0,PENDING,경상남도 청주시 서원구 삼성거리 640 (지후장문동)
169,73,2022-10-01 03:21:58,360100.0,SHIPPED,전라북도 인제군 압구정25가 43-24 (수빈최면)
170,222,2020-06-14 21:46:17,929500.0,PENDING,경기도 용인시 처인구 논현92로 지하386
171,127,2025-03-26 01:49:11,335400.0,SHIPPED,부산광역시 중랑구 테헤란가 지하413
172,5,2021-08-18 01:15:56,620200.0,COMPLETED,세종특별자치시 강북구 선릉로 56-48
173,51,2024-01-10 01:41:19,176000.0,COMPLETED,전라북도 고양시 덕양구 잠실11가 545-30
174,221,2023-08-28 18:52:19,213700.0,COMPLETED,서울특별시 강남구 양재천길 474
175,92,2025-06-27 23:46:22,492000.0,SHIPPED,세종특별자치시 성북구 오금가 57-98
176,212,2024-04-12 11:37:18,1112700.0,COMPLETED,인천광역시 서대문구 언주로 528-48 (아름이이동)
177,9,2025-01-27 11:36:53,785100.0,PENDING,서울특별시 동대문구 오금거리 656 (춘자남김동)
178,133,2024-09-21 08:20:14,469500.0,COMPLETED,경상북도 광주시 압구정7길 지하371
179,84,2024-06-06 09:13:02,988800.0,COMPLETED,경상북도 양구군 논현84거리 지하453 (예원백강면)
180,148,2024-09-01 06:36:26,153400.0,SHIPPED,부산광역시 남구 언주9가 929 (지아박이마을)
181,235,2024-06-15 12:34:56,121200.0,SHIPPED,광주광역시 마포구 잠실거리 627 (현주김읍)
182,135,2024-10-27 21:16:02,306600.0,COMPLETED,인천광역시 종로구 봉은사0로 914 (은지이오마을)
183,141,2022-01-29 04:55:03,477300.0,COMPLETED,충청남도 청주시 상당구 영동대8로 223-52 (영순구송리)
184,186,2025-05-26 04:59:51,504500.0,COMPLETED,울산광역시 도봉구 서초중앙46거리 580 (명자박읍)
185,226,2025-05-22 17:05:44,1210700.0,COMPLETED,전라남도 천안시 서북구 선릉길 591-42
186,115,2024-11-11 20:33:33,262600.0,COMPLETED,강원도 부천시 오정구 학동거리 12-11
187,137,2025-02-24 23:26:27,1035900.0,COMPLETED,전라북도 청양군 백제고분54로 170 (현숙박최동)
188,150,2022-07-08 01:16:44,1192300.0,COMPLETED,인천광역시 영등포구 서초중앙054길 948 (지현김한읍)
189,223,2024-12-16 21:09:23,158400.0,COMPLETED,부산광역시 서대문구 서초대14거리 611-50 (정호강마을)
190,100,2025-04-20 13:08:14,229900.0,COMPLETED,울산광역시 종로구 개포2가 905
191,23,2022-09-24 00:59:46,800100.0,COMPLETED,서울특별시 강서구 반포대349거리 963 (경희안리)
192,136,2025-01-30 10:08:56,44400.0,COMPLETED,세종특별자치시 성동구 양재천길 154-30 (정남강동)
193,178,2023-12-30 08:33:22,454600.0,COMPLETED,경기도 하남시 잠실가 525-88 (병철안최리)
194,38,2023-10-12 11:57:45,513000.0,COMPLETED,경상북도 인제군 서초대84거리 228
195,148,2024-12-04 17:48:28,822700.0,PENDING,세종특별자치시 마포구 역삼233가 452-30 (서영차마을)
196,24,2022-02-26 19:41:35,492900.0,COMPLETED,세종특별자치시 양천구 가락로 578 (명숙양안동)
197,173,2025-08-07 06:24:47,697000.0,COMPLETED,세종특별자치시 남구 반포대7로 806
198,30,2025-01-05 19:29:36,1174100.0,COMPLETED,경기도 남양주시 양재천로 69 (민준강홍읍)
199,241,2024-12-01 13:18:20,174600.0,SHIPPED,경상북도 성남시 논현길 869
200,38,2024-10-28 16:35:34,219500.0,COMPLETED,경상남도 남양주시 잠실4가 663 (서영김김면)
201,229,2024-04-29 17:53:25,362400.0,COMPLETED,대구광역시 광진구 서초대119가 지하767
202,72,2022-11-21 08:11:24,562200.0,COMPLETED,세종특별자치시 성북구 선릉9가 368 (영철류리)
203,194,2023-09-01 09:50:10,683700.0,COMPLETED,광주광역시 노원구 압구정거리 27
204,218,2025-04-26 11:18:26,1239400.0,PENDING,경상북도 양주시 개포26길 지하237
205,174,2024-10-07 06:41:48,343000.0,COMPLETED,광주광역시 구로구 잠실406로 420-82
206,162,2025-08-03 18:01:56,528200.0,COMPLETED,경상북도 계룡시 오금888길 482
207,208,2022-01-16 03:39:59,590400.0,SHIPPED,대전광역시 성동구 백제고분340로 591-98
208,129,2021-12-15 03:46:03,116600.0,COMPLETED,경상북도 포천시 언주가 476 (종수박리)
209,193,2022-10-07 23:46:31,729600.0,COMPLETED,인천광역시 서초구 선릉가 517
210,101,2022-03-24 11:52:17,745200.0,SHIPPED,부산광역시 동구 영동대68거리 496-4
211,185,2024-06-19 00:41:59,781300.0,SHIPPED,경상남도 정선군 강남대279로 240
212,167,2025-08-07 10:54:50,481400.0,SHIPPED,울산광역시 강서구 선릉3길 지하77 (승현김김읍)
213,241,2024-06-26 20:39:44,551000.0,COMPLETED,세종특별자치시 용산구 서초중앙66거리 507
214,169,2022-08-09 03:09:01,1040100.0,COMPLETED,강원도 시흥시 학동길 572
215,154,2024-07-20 04:36:01,1245000.0,CANCELLED,강원도 부천시 삼성673로 778-48
216,231,2024-06-08 04:25:04,864000.0,COMPLETED,대구광역시 관악구 삼성가 836-82 (채원이면)
217,45,2023-02-02 00:43:27,333000.0,PENDING,전라남도 안성시 오금가 3 (미경허면)
218,156,2025-06-27 09:26:10,317500.0,COMPLETED,충청남도 홍천군 삼성가 지하163
219,69,2025-01-13 08:47:57,631300.0,COMPLETED,인천광역시 노원구 오금5길 546-3
220,239,2025-07-27 16:07:13,1267900.0,PENDING,대전광역시 중랑구 삼성로 920-71
221,197,2024-02-11 08:02:46,847500.0,COMPLETED,전라북도 고양시 학동827길 972-22
222,55,2025-06-17 13:24:18,803700.0,COMPLETED,충청남도 의정부시 서초중앙06가 581-65
223,186,2025-05-24 09:39:28,193800.0,COMPLETED,충청북도 증평군 영동대79거리 582
224,33,2023-10-29 17:00:47,199600.0,COMPLETED,제주특별자치도 화성시 서초대로 332-50
225,94,2025-06-20 04:35:51,191000.0,COMPLETED,광주광역시 동대문구 역삼04길 523 (상훈이리)
226,245,2025-08-07 07:32:13,241800.0,COMPLETED,강원도 괴산군 잠실26길 708
227,97,2025-05-28 17:03:28,66600.0,COMPLETED,울산광역시 강북구 학동68거리 940-18 (예은허김동)
228,119,2021-11-08 01:39:36,138400.0,CANCELLED,부산광역시 광진구 언주길 49-48 (지우이동)
229,150,2023-12-15 23:46:54,915900.0,COMPLETED,세종특별자치시 마포구 삼성가 152-80
230,231,2024-11-12 06:07:03,112700.0,PENDING,경기도 의정부시 잠실31거리 366 (순옥김문동)
231,128,2024-02-25 12:59:15,615000.0,PENDING,서울특별시 남구 언주1가 657-80
232,214,2025-04-25 10:12:26,793200.0,COMPLETED,인천광역시 북구 오금가 261-86
233,227,2025-03-14 09:53:16,798800.0,CANCELLED,세종특별자치시 종로구 백제고분657길 738-23 (정식이마을)
234,79,2024-05-08 13:25:55,1117200.0,COMPLETED,충청북도 안양시 동안구 압구정가 319
235,172,2021-10-27 16:51:35,629800.0,SHIPPED,전라남도 과천시 백제고분401가 지하79
236,39,2024-07-07 03:50:58,301400.0,COMPLETED,충청북도 부천시 오정구 봉은사48가 520
237,248,2025-07-10 16:04:13,369400.0,SHIPPED,제주특별자치도 부천시 소사구 학동길 지하982
238,50,2024-06-27 18:26:29,1120000.0,COMPLETED,광주광역시 구로구 언주67길 459 (정식이읍)
239,162,2025-05-30 15:18:20,217300.0,COMPLETED,경기도 성남시 분당구 개포8가 772 (승민최면)
240,49,2024-05-27 00:35:08,582300.0,COMPLETED,경상남도 김포시 오금32거리 618
241,45,2022-12-03 11:55:31,1083900.0,COMPLETED,전라남도 의정부시 석촌호수가 374-51 (준호지박마을)
242,15,2025-06-20 03:48:35,679600.0,COMPLETED,경기도 괴산군 잠실길 958-38
243,153,2024-03-25 05:57:54,306400.0,COMPLETED,충청남도 횡성군 학동1가 473-5
244,95,2024-11-08 11:56:56,848300.0,COMPLETED,경상남도 이천시 석촌호수가 138
245,246,2025-03-13 16:47:04,614100.0,COMPLETED,부산광역시 동작구 역삼거리 389
246,214,2025-03-13 10:37:31,976300.0,CANCELLED,부산광역시 서구 강남대거리 지하707
247,215,2023-09-30 08:20:07,535300.0,SHIPPED,부산광역시 영등포구 가락275가 지하757
248,246,2025-02-12 22:51:07,336200.0,COMPLETED,서울특별시 동구 석촌호수6거리 285 (정식오박마을)
249,74,2025-06-29 13:11:10,938400.0,COMPLETED,서울특별시 양천구 영동대로 지하577 (준혁김이읍)
250,7,2024-10-29 18:40:18,561700.0,PENDING,전라남도 태안군 가락길 780-60 (주원이박동)
251,228,2024-01-04 09:58:15,393500.0,COMPLETED,세종특별자치시 영등포구 백제고분거리 120-49
252,221,2025-03-30 14:43:00,826300.0,SHIPPED,울산광역시 용산구 서초대로 484
253,106,2025-05-24 17:10:55,310800.0,SHIPPED,충청남도 화천군 가락로 814
254,160,2025-07-25 08:40:48,685000.0,COMPLETED,경기도 영동군 양재천길 979 (예준김강동)
255,189,2025-02-20 10:02:46,210400.0,COMPLETED,울산광역시 강남구 반포대5로 744 (혜진서이동)
256,221,2025-03-12 04:59:41,181100.0,PENDING,울산광역시 동대문구 도산대524거리 700
257,107,2025-04-25 04:00:28,116600.0,CANCELLED,경상북도 고양시 일산동구 가락649로 768
258,153,2024-09-21 18:09:43,596300.0,COMPLETED,부산광역시 강남구 역삼354길 지하315
259,222,2021-06-20 19:53:14,481500.0,COMPLETED,충청북도 음성군 개포길 327 (민수박읍)
260,148,2025-01-13 15:09:40,204600.0,PENDING,경기도 옥천군 논현065가 720 (서현이최동)
261,250,2024-09-22 16:28:36,643800.0,SHIPPED,광주광역시 서초구 오금가 632
262,187,2022-10-10 11:12:49,705300.0,COMPLETED,전라북도 김포시 잠실거리 902
263,90,2025-06-18 20:09:57,415600.0,SHIPPED,전라북도 화성시 역삼5가 596 (예은김면)
264,190,2020-05-26 23:10:19,540600.0,SHIPPED,충청북도 오산시 강남대95길 314
265,196,2024-10-02 03:04:50,1180600.0,COMPLETED,경상남도 광명시 논현24가 903 (현주황동)
266,201,2023-11-12 08:27:18,286200.0,COMPLETED,경상북도 강릉시 영동대08가 998-43 (춘자김리)
267,165,2024-07-10 19:31:25,1102900.0,COMPLETED,대구광역시 구로구 학동가 563 (지민이면)
268,24,2024-06-15 11:38:47,286400.0,COMPLETED,강원도 횡성군 논현길 374-56
269,9,2025-07-18 08:44:07,584000.0,COMPLETED,전라남도 속초시 봉은사로 597-89
270,90,2025-07-10 07:59:06,176000.0,COMPLETED,세종특별자치시 광진구 역삼27가 621 (순자송동)
271,126,2023-09-15 22:50:53,161400.0,COMPLETED,경상남도 수원시 팔달구 잠실1거리 138 (현우이한면)
272,218,2025-07-05 13:52:51,1280500.0,COMPLETED,광주광역시 강동구 봉은사2로 220 (예지박리)
273,168,2023-03-04 14:02:56,237600.0,COMPLETED,강원도 청양군 가락거리 996-34
274,155,2025-01-23 22:11:49,700400.0,PENDING,강원도 양구군 개포49가 938-89
275,112,2025-01-23 04:39:13,403500.0,COMPLETED,대전광역시 중랑구 백제고분6거리 지하90
276,72,2024-03-22 11:00:07,1120400.0,SHIPPED,인천광역시 동대문구 학동5가 213 (서연이김마을)
277,161,2025-02-23 09:36:34,347700.0,PENDING,대구광역시 서대문구 백제고분거리 7
278,71,2022-05-19 01:27:29,569400.0,COMPLETED,경상남도 공주시 영동대로 195-66 (경희장장면)
279,203,2023-04-17 14:05:36,598300.0,COMPLETED,울산광역시 남구 선릉373가 59
280,33,2021-11-05 16:32:25,192900.0,COMPLETED,부산광역시 강동구 양재천98길 497 (서현이리)
281,99,2023-12-23 07:22:27,1182000.0,COMPLETED,경기도 논산시 잠실로 922
282,95,2022-05-28 20:57:04,1263800.0,SHIPPED,서울특별시 강북구 개포길 258-63
283,216,2025-06-28 15:13:14,778900.0,COMPLETED,충청북도 음성군 오금5길 354-27 (재현이면)
284,225,2021-01-02 15:12:34,153400.0,SHIPPED,인천광역시 중랑구 논현거리 지하925 (우진박김읍)
285,239,2025-04-24 14:05:15,853800.0,SHIPPED,제주특별자치도 청주시 흥덕구 잠실거리 지하841
286,121,2023-01-15 01:14:44,369400.0,CANCELLED,세종특별자치시 동대문구 오금로 396
287,169,2021-05-04 03:05:26,245200.0,COMPLETED,세종특별자치시 금천구 도산대2길 660 (성훈김김동)
288,83,2025-07-11 00:58:29,171100.0,SHIPPED,제주특별자치도 증평군 석촌호수가 796
289,144,2025-08-06 23:30:44,147300.0,CANCELLED,충청북도 정선군 개포128거리 379 (준영이김면)
290,3,2025-05-29 19:17:57,645800.0,COMPLETED,인천광역시 성북구 역삼길 147-2 (승민홍동)
291,248,2024-05-21 23:30:18,764200.0,COMPLETED,울산광역시 동작구 봉은사길 439 (성민김백마을)
292,191,2024-06-28 03:50:05,416000.0,COMPLETED,전라남도 성남시 분당구 선릉길 233-39
293,210,2024-02-21 01:47:38,559700.0,SHIPPED,충청북도 옥천군 서초중앙027길 지하12 (수빈조리)
294,21,2024-03-21 17:34:54,638100.0,COMPLETED,울산광역시 금천구 양재천로 지하995 (승민장김읍)
295,118,2021-07-06 20:05:37,762000.0,PENDING,광주광역시 강동구 영동대길 734 (정훈이김면)
296,119,2025-02-18 20:53:45,557900.0,COMPLETED,대구광역시 용산구 학동90길 258
297,33,2024-10-26 06:02:50,181100.0,COMPLETED,경상북도 평택시 압구정91로 354 (정호이박동)
298,98,2025-05-23 16:20:43,520100.0,COMPLETED,전라남도 안양시 삼성거리 219 (명자최리)
299,111,2024-08-18 20:39:03,197600.0,SHIPPED,전라남도 논산시 석촌호수로 402
300,140,2020-11-01 20:00:09,118800.0,COMPLETED,인천광역시 서구 선릉거리 360-70
301,93,2024-11-07 15:08:43,191900.0,COMPLETED,전라남도 서천군 서초대6거리 161 (성진서읍)
302,86,2025-07-14 20:44:54,79200.0,COMPLETED,광주광역시 북구 개포로 559-30
303,226,2025-02-12 15:29:18,633300.0,COMPLETED,세종특별자치시 서초구 서초중앙002거리 904
304,16,2023-10-07 23:13:58,728200.0,COMPLETED,대전광역시 동대문구 잠실가 630-28
305,68,2024-11-19 08:38:27,583900.0,COMPLETED,충청북도 계룡시 삼성49로 889 (성현김김동)
306,96,2025-02-14 15:36:22,603200.0,COMPLETED,경상남도 천안시 동남구 학동662거리 606 (성민이마을)
307,57,2024-12-04 04:46:06,929400.0,COMPLETED,강원도 용인시 잠실7가 517
308,25,2024-03-02 05:18:16,1161100.0,COMPLETED,경기도 옥천군 서초중앙28길 56-68
309,179,2022-01-16 14:05:00,353100.0,COMPLETED,강원도 안양시 동안구 강남대가 793
310,18,2024-01-31 07:14:10,901000.0,COMPLETED,경상북도 이천시 강남대로 539 (시우박마을)
311,28,2024-10-31 20:18:31,261900.0,COMPLETED,울산광역시 남구 선릉로 653-39
312,137,2024-11-23 01:24:18,848900.0,SHIPPED,서울특별시 양천구 서초중앙158가 623 (아름전읍)
313,105,2024-07-11 18:07:03,234900.0,COMPLETED,세종특별자치시 강북구 서초대150로 200-73
314,80,2024-08-25 13:43:44,758700.0,COMPLETED,경상남도 광주시 삼성가 899 (미정손남면)
315,90,2025-08-06 11:27:29,412500.0,PENDING,전라북도 고양시 삼성길 14-67 (준서이읍)
316,179,2025-03-30 07:14:09,1136900.0,COMPLETED,경상남도 영월군 학동74로 지하841
317,225,2023-06-24 03:40:19,395200.0,COMPLETED,대구광역시 광진구 양재천로 552-26
318,194,2024-03-13 01:30:55,376500.0,COMPLETED,세종특별자치시 강서구 역삼로 217
319,101,2022-03-18 08:36:20,207600.0,COMPLETED,충청남도 파주시 오금2길 782-1
320,127,2025-01-28 21:44:02,437800.0,COMPLETED,충청남도 부천시 서초중앙306길 105-77
321,233,2021-03-31 17:30:33,530400.0,COMPLETED,광주광역시 서초구 잠실가 925
322,66,2022-08-19 06:54:28,119700.0,SHIPPED,대전광역시 중랑구 봉은사로 1-7 (경수심윤읍)
323,212,2025-02-27 08:41:04,1539700.0,PENDING,대전광역시 성동구 오금458로 344-31
324,29,2025-07-17 03:43:42,373700.0,COMPLETED,전라북도 하남시 서초중앙675로 82
325,115,2023-08-01 01:42:33,522000.0,COMPLETED,충청북도 진천군 논현86길 188-30
326,139,2021-04-15 15:36:46,484800.0,COMPLETED,경상북도 부천시 원미구 백제고분길 938-34 (민지김면)
327,110,2022-09-04 06:40:35,1037500.0,COMPLETED,충청북도 태백시 도산대899가 656 (예은차이동)
328,154,2024-03-03 22:33:45,326600.0,COMPLETED,충청북도 구리시 오금길 지하307
329,24,2025-04-09 02:18:42,782600.0,COMPLETED,강원도 오산시 가락452로 지하821
330,99,2025-06-27 15:24:25,394400.0,SHIPPED,인천광역시 강서구 백제고분거리 877-10 (성진이김면)
331,138,2023-10-12 09:26:53,269700.0,SHIPPED,충청북도 연천군 학동205거리 717
332,36,2024-08-21 09:14:22,393100.0,COMPLETED,강원도 청주시 청원구 서초대7가 628
333,161,2022-10-24 02:38:51,60200.0,PENDING,충청남도 연천군 봉은사737거리 600-74
334,79,2023-06-16 13:24:46,248100.0,COMPLETED,충청북도 인제군 언주7거리 662 (현숙최리)
335,44,2024-01-08 04:47:21,111300.0,CANCELLED,서울특별시 중랑구 강남대길 669 (지현김면)
336,80,2024-01-29 13:48:44,656300.0,COMPLETED,울산광역시 강동구 언주56길 775
337,247,2023-04-10 20:22:18,608400.0,PENDING,강원도 영월군 논현285로 718
338,222,2020-10-27 19:15:29,806900.0,COMPLETED,경상북도 증평군 오금17로 452 (성현이한리)
339,85,2024-05-26 02:29:32,352300.0,PENDING,부산광역시 구로구 서초대9길 731
340,123,2024-09-15 16:45:19,1105300.0,COMPLETED,서울특별시 북구 논현거리 899 (하윤이차리)
341,220,2023-05-11 10:04:51,457600.0,COMPLETED,부산광역시 동대문구 가락길 988
342,123,2025-05-31 11:27:39,295700.0,COMPLETED,대전광역시 중랑구 개포6길 지하660
343,86,2025-05-27 06:58:25,58300.0,COMPLETED,인천광역시 영등포구 서초대2길 956 (혜진송김면)
344,23,2025-04-09 07:28:20,469000.0,COMPLETED,전라북도 수원시 장안구 양재천06거리 275-12 (성호박이읍)
345,80,2023-02-08 07:57:25,626600.0,COMPLETED,경기도 부여군 백제고분2길 33
346,56,2023-06-09 14:32:09,514800.0,COMPLETED,서울특별시 종로구 도산대2거리 495 (상호최박면)
347,92,2025-07-05 19:56:22,490000.0,COMPLETED,경상북도 인제군 서초대길 659-19
348,42,2024-12-21 10:31:07,761000.0,COMPLETED,세종특별자치시 광진구 역삼가 377 (순자이읍)
349,89,2024-04-14 09:04:18,147300.0,COMPLETED,강원도 시흥시 가락길 244
350,97,2025-07-24 11:56:33,117100.0,SHIPPED,대전광역시 중랑구 도산대로 지하143 (영진이이리)
351,223,2024-12-26 23:03:15,349800.0,SHIPPED,울산광역시 종로구 학동길 932-44
352,86,2023-10-21 15:21:57,489800.0,COMPLETED,경상남도 화천군 테헤란가 418-8 (동현최이리)
353,187,2023-05-21 15:49:59,636500.0,SHIPPED,경상남도 고양시 덕양구 가락51거리 676 (영순이김마을)
354,179,2025-04-27 07:14:09,186100.0,SHIPPED,광주광역시 강동구 가락거리 103-10
355,48,2024-10-16 18:03:27,924100.0,COMPLETED,제주특별자치도 논산시 선릉길 226-90
356,59,2025-08-01 06:37:41,117100.0,COMPLETED,부산광역시 동구 석촌호수길 805-14 (서연김면)
357,157,2025-04-29 16:29:27,225800.0,COMPLETED,세종특별자치시 서구 오금가 지하162
358,11,2024-12-28 19:59:42,43200.0,SHIPPED,충청북도 안산시 단원구 테헤란503길 260 (은영오마을)
359,244,2024-08-22 00:16:35,607200.0,CANCELLED,경상북도 청주시 청원구 학동거리 88
360,189,2024-07-25 02:38:09,121200.0,CANCELLED,충청남도 과천시 삼성길 433-40
361,220,2025-01-25 01:40:26,604100.0,COMPLETED,대전광역시 동대문구 양재천334가 470-14
362,26,2025-06-13 18:47:27,745200.0,COMPLETED,강원도 고성군 강남대61가 647 (명숙이동)
363,148,2025-06-15 20:26:16,305200.0,SHIPPED,부산광역시 서대문구 논현길 472 (시우양동)
364,98,2025-02-02 15:17:22,452500.0,PENDING,강원도 안산시 상록구 백제고분로 지하897 (현주이김면)
365,123,2025-02-27 15:19:18,382000.0,COMPLETED,인천광역시 노원구 잠실거리 159 (은주최이리)
366,13,2023-01-29 11:29:14,1020300.0,PENDING,울산광역시 금천구 잠실8길 793
367,149,2023-11-04 07:56:46,805800.0,COMPLETED,세종특별자치시 북구 강남대거리 190 (광수이동)
368,19,2024-01-10 07:54:41,477000.0,COMPLETED,대구광역시 구로구 오금92로 408-15 (병철김이면)
369,45,2023-12-02 05:48:37,544300.0,SHIPPED,부산광역시 종로구 영동대283가 779
370,226,2025-07-24 01:18:07,166600.0,COMPLETED,인천광역시 중구 오금7로 172
371,226,2024-12-07 06:54:22,832600.0,COMPLETED,서울특별시 서대문구 서초대3길 지하974 (영순이동)
372,169,2024-04-27 17:21:28,564000.0,COMPLETED,서울특별시 중랑구 영동대4로 466 (승현오리)
373,174,2024-11-23 02:20:15,181100.0,COMPLETED,전라북도 괴산군 논현689로 877
374,102,2024-06-28 04:05:56,1238300.0,COMPLETED,대전광역시 광진구 역삼길 930-32 (민석권읍)
375,47,2025-08-06 08:25:15,64600.0,COMPLETED,부산광역시 송파구 서초대가 334
376,243,2024-10-02 23:52:39,134000.0,COMPLETED,대구광역시 양천구 봉은사길 204 (영수문서동)
377,3,2024-08-27 08:08:39,461100.0,SHIPPED,세종특별자치시 동대문구 개포21로 347 (예지김박읍)
378,60,2024-05-17 07:20:29,918200.0,SHIPPED,충청남도 이천시 선릉길 886 (정훈임김읍)
379,33,2021-05-03 15:04:19,892000.0,PENDING,대전광역시 서구 언주길 552-39 (영일문리)
380,172,2023-05-06 21:39:41,78300.0,COMPLETED,전라북도 당진시 석촌호수7길 680
381,78,2023-10-06 00:23:26,284400.0,PENDING,대전광역시 금천구 봉은사로 329 (현정장김마을)
382,109,2021-05-13 23:44:23,638000.0,COMPLETED,충청남도 청주시 흥덕구 언주거리 408 (준서박면)
383,1,2025-04-11 15:08:53,452400.0,COMPLETED,전라남도 평창군 잠실로 472
384,99,2023-09-26 00:35:19,1261300.0,CANCELLED,서울특별시 강북구 오금가 814
385,240,2023-08-01 18:34:56,399900.0,COMPLETED,충청북도 보은군 논현717가 지하219
386,131,2025-06-21 06:36:16,740400.0,COMPLETED,전라북도 파주시 서초대거리 701 (준영김안동)
387,158,2020-11-02 15:39:43,959600.0,COMPLETED,대전광역시 종로구 백제고분가 997 (성수이고리)
388,140,2023-11-12 19:36:41,527700.0,COMPLETED,광주광역시 강동구 삼성965가 지하418 (숙자이이동)
389,187,2024-01-31 20:19:46,1119000.0,COMPLETED,전라북도 부천시 원미구 삼성78가 189
390,247,2023-07-24 00:13:02,307000.0,PENDING,대전광역시 마포구 가락로 501
391,171,2025-08-05 14:06:54,801100.0,COMPLETED,인천광역시 금천구 봉은사거리 44 (상훈류고면)
392,107,2025-07-05 14:03:58,385400.0,SHIPPED,부산광역시 성북구 삼성길 175 (서윤박권마을)
393,81,2025-03-11 03:03:50,734500.0,SHIPPED,경상남도 안산시 단원구 가락가 지하272 (정숙김남면)
394,191,2025-06-28 21:29:21,658900.0,COMPLETED,충청북도 공주시 가락198거리 387
395,190,2025-03-28 17:17:30,182800.0,PENDING,서울특별시 북구 양재천278거리 471-8
396,157,2025-07-03 22:19:16,974600.0,COMPLETED,전라남도 청양군 오금길 765
397,18,2025-07-06 08:35:35,478900.0,CANCELLED,충청남도 부천시 오정구 오금길 386 (종수윤읍)
398,86,2025-05-05 02:35:45,92000.0,COMPLETED,경상남도 보령시 오금길 351-45
399,64,2022-10-28 19:12:34,429700.0,SHIPPED,대구광역시 종로구 개포거리 726
400,24,2023-01-21 00:15:06,473400.0,SHIPPED,충청남도 하남시 선릉로 736
401,246,2025-05-09 17:10:05,623600.0,PENDING,대전광역시 강서구 잠실거리 646
402,161,2023-11-25 11:48:25,1000400.0,COMPLETED,대전광역시 도봉구 도산대05로 35
403,21,2023-12-27 01:59:04,337500.0,COMPLETED,경기도 안산시 상록구 봉은사가 406 (예진박면)
404,83,2025-04-09 15:39:36,401600.0,SHIPPED,전라남도 이천시 서초중앙985가 929 (순옥박이읍)
405,176,2022-11-19 13:17:51,692700.0,COMPLETED,부산광역시 강북구 학동로 964
406,124,2023-02-23 11:21:52,955500.0,COMPLETED,대구광역시 종로구 서초중앙길 971 (은경이이마을)
407,177,2023-03-17 12:33:17,1039900.0,COMPLETED,세종특별자치시 강남구 서초중앙로 171-62 (영자최이면)
408,102,2024-12-11 13:52:02,811600.0,COMPLETED,전라북도 화성시 봉은사45로 84 (상현고박면)
409,56,2021-08-03 08:17:19,832700.0,COMPLETED,대구광역시 중구 서초중앙로 758 (영일안이마을)
410,21,2024-10-24 08:45:48,1476200.0,COMPLETED,대구광역시 강서구 도산대로 992 (승현이백동)
411,44,2023-04-22 13:09:01,336200.0,COMPLETED,세종특별자치시 중구 가락2로 90-55 (현정남이마을)
412,145,2024-04-25 12:41:09,141300.0,PENDING,경상북도 안양시 만안구 가락817거리 660
413,46,2023-11-11 20:10:27,138400.0,COMPLETED,광주광역시 도봉구 봉은사로 지하731
414,75,2025-02-21 15:27:13,498800.0,COMPLETED,제주특별자치도 천안시 동남구 봉은사84가 696-31 (예원장이면)
415,71,2022-11-09 18:24:38,45200.0,COMPLETED,전라북도 평창군 석촌호수32길 35 (광수이양마을)
416,78,2022-09-13 11:01:03,1391700.0,COMPLETED,대구광역시 송파구 압구정가 130-1 (서현최김동)
417,220,2023-06-08 20:35:28,1056100.0,COMPLETED,충청북도 수원시 석촌호수0로 258 (성민김면)
418,36,2024-07-17 10:14:37,60200.0,COMPLETED,전라남도 용인시 수지구 선릉가 지하640
419,111,2024-02-24 12:28:09,604100.0,COMPLETED,강원도 과천시 도산대길 616-44 (재현이동)
420,119,2024-07-17 18:16:00,393000.0,PENDING,경기도 음성군 봉은사8로 543-49 (민서이리)
421,236,2022-03-04 13:20:48,46400.0,COMPLETED,서울특별시 관악구 압구정57길 지하561
422,98,2025-02-10 15:41:46,112700.0,COMPLETED,전라남도 고성군 강남대로 786-22
423,120,2025-06-03 13:31:41,393400.0,COMPLETED,울산광역시 관악구 테헤란12거리 287-76 (주원이동)
424,20,2023-10-12 13:48:32,872100.0,SHIPPED,제주특별자치도 파주시 학동46로 637-68
425,72,2022-09-30 00:15:35,1014300.0,PENDING,세종특별자치시 북구 양재천거리 지하232 (서윤김마을)
426,166,2024-11-14 11:03:26,254400.0,COMPLETED,경기도 서천군 서초대27로 324-38 (성현김리)
427,113,2025-05-20 07:20:51,817800.0,COMPLETED,대구광역시 양천구 언주거리 지하90
428,71,2024-07-11 10:49:06,658000.0,COMPLETED,대구광역시 강남구 영동대490거리 288-72 (영일고박동)
429,182,2025-07-02 02:43:26,570000.0,COMPLETED,대구광역시 강북구 양재천가 758 (정자조배마을)
430,172,2020-12-22 17:59:44,193000.0,COMPLETED,제주특별자치도 부천시 오정구 역삼가 524-72
431,152,2025-07-25 20:09:14,443900.0,CANCELLED,전라남도 태안군 잠실길 824 (영미엄장읍)
432,138,2024-04-25 04:54:16,1063600.0,COMPLETED,강원도 고양시 일산서구 잠실가 465-48
433,165,2024-09-20 12:29:10,945200.0,COMPLETED,충청남도 서천군 석촌호수길 65-31
434,38,2024-11-13 09:54:28,842700.0,CANCELLED,울산광역시 은평구 영동대로 지하109 (준영백이읍)
435,66,2024-04-11 18:49:31,505700.0,COMPLETED,경상남도 용인시 언주6거리 499
436,79,2025-05-30 18:00:21,97500.0,CANCELLED,경상북도 홍성군 논현4로 696-18 (지후이마을)
437,146,2024-08-27 15:24:28,651400.0,COMPLETED,충청남도 성남시 오금98로 33 (은경김이마을)
438,160,2025-07-27 01:32:19,73800.0,SHIPPED,서울특별시 구로구 봉은사543거리 980-7 (지훈김면)
439,118,2025-05-28 14:54:23,560700.0,SHIPPED,전라남도 양평군 서초중앙가 234-88 (정숙이리)
440,163,2025-05-29 23:09:26,1016500.0,SHIPPED,강원도 청주시 흥덕구 서초대4길 345 (도현곽면)
441,178,2020-07-12 20:21:38,141000.0,COMPLETED,강원도 가평군 학동1거리 지하356
442,81,2022-10-21 21:42:56,30100.0,COMPLETED,제주특별자치도 금산군 논현34가 738 (상철김김읍)
443,115,2024-01-17 12:03:02,210800.0,COMPLETED,충청북도 화성시 논현5로 221 (성진송동)
444,229,2023-06-11 08:06:30,241800.0,COMPLETED,제주특별자치도 태백시 선릉거리 808-33
445,213,2024-09-26 21:10:22,117100.0,SHIPPED,대구광역시 영등포구 강남대길 지하123 (영진송장면)
446,247,2020-01-22 23:59:39,736800.0,COMPLETED,경상북도 성남시 수정구 잠실로 129-85
447,31,2021-10-05 05:59:41,881200.0,COMPLETED,인천광역시 노원구 가락가 100
448,207,2025-06-29 18:00:50,769100.0,COMPLETED,부산광역시 도봉구 봉은사거리 410-14 (정식이이동)
449,168,2021-11-20 22:33:29,658400.0,COMPLETED,전라북도 고양시 일산동구 논현가 325
450,58,2023-03-05 16:40:30,84800.0,COMPLETED,대전광역시 마포구 도산대80로 지하733 (하은이면)
451,248,2021-07-28 15:12:30,1107300.0,COMPLETED,인천광역시 서구 석촌호수107길 165-25
452,154,2025-04-05 10:36:38,474900.0,COMPLETED,충청북도 성남시 중원구 석촌호수267거리 354-11 (민지허박면)
453,189,2025-07-19 11:51:01,635400.0,SHIPPED,경상남도 양주시 석촌호수길 876 (정자김이동)
454,228,2023-06-10 13:41:11,346200.0,PENDING,강원도 양양군 석촌호수길 지하991
455,202,2023-11-28 09:02:52,997000.0,PENDING,인천광역시 도봉구 석촌호수834로 375-67 (정웅이박마을)
456,124,2022-11-26 03:40:38,410300.0,COMPLETED,경상북도 양구군 학동가 903 (지원박이마을)
457,193,2023-12-22 01:38:42,403800.0,COMPLETED,대구광역시 도봉구 오금16로 686 (현주김김읍)
458,174,2024-10-17 06:20:33,351300.0,COMPLETED,충청북도 가평군 서초대5가 617 (도윤박손읍)
459,188,2023-07-17 21:03:56,207600.0,COMPLETED,세종특별자치시 강서구 봉은사길 66 (예원김황리)
460,92,2025-06-05 06:58:33,254400.0,SHIPPED,광주광역시 강남구 가락448로 943-92
461,236,2024-12-15 12:54:42,328200.0,COMPLETED,제주특별자치도 양구군 잠실722로 619 (영진김박면)
462,111,2023-12-08 23:27:49,1438100.0,COMPLETED,경기도 과천시 오금거리 77
463,183,2025-07-27 00:50:50,625200.0,COMPLETED,충청남도 동해시 반포대16가 432-96
464,29,2025-04-14 20:53:50,158400.0,COMPLETED,강원도 수원시 장안구 영동대가 지하162
465,3,2025-04-13 12:03:46,641300.0,COMPLETED,충청남도 서천군 서초중앙718로 지하763 (정자김읍)
466,152,2023-05-05 06:52:56,546000.0,COMPLETED,광주광역시 동구 잠실2거리 598 (영식정김마을)
467,24,2022-09-25 02:51:43,609400.0,COMPLETED,경기도 음성군 강남대가 700 (동현김면)
468,204,2024-08-01 21:15:43,92800.0,COMPLETED,전라남도 부천시 선릉길 969 (정순윤송동)
469,218,2022-10-09 07:35:40,173400.0,SHIPPED,경기도 광주시 학동거리 760-46
470,36,2025-02-16 23:16:24,934400.0,COMPLETED,대구광역시 강서구 개포로 70 (성훈장읍)
471,34,2025-07-05 12:21:41,976300.0,COMPLETED,경기도 옥천군 석촌호수15길 310
472,106,2025-04-02 12:08:54,823900.0,PENDING,강원도 속초시 삼성길 314-38 (병철이강면)
473,42,2024-04-15 18:59:21,457800.0,COMPLETED,대전광역시 중랑구 개포거리 302-72
474,12,2024-12-03 13:42:50,239600.0,COMPLETED,강원도 용인시 반포대로 656-77 (병철서면)
475,63,2023-03-09 03:34:39,121200.0,COMPLETED,충청북도 정선군 역삼로 363 (경수고오읍)
476,66,2022-11-10 16:43:54,1081800.0,COMPLETED,경기도 공주시 석촌호수로 8
477,136,2025-02-03 22:37:10,201900.0,SHIPPED,대전광역시 강동구 양재천86길 284-81 (준호김이마을)
478,221,2022-04-03 15:09:06,487900.0,PENDING,서울특별시 종로구 삼성가 182
479,166,2025-05-25 19:18:34,1224000.0,COMPLETED,광주광역시 동구 개포0길 863
480,99,2025-07-09 21:15:45,22200.0,CANCELLED,전라북도 용인시 기흥구 백제고분거리 422-41
481,230,2022-12-06 16:43:07,319000.0,COMPLETED,광주광역시 구로구 언주가 870-23
482,159,2024-03-06 18:41:25,717000.0,COMPLETED,광주광역시 서대문구 선릉905로 824 (진호강김리)
483,154,2025-01-31 13:03:23,367000.0,COMPLETED,서울특별시 강북구 서초대로 653
484,249,2025-02-26 13:29:29,553600.0,COMPLETED,광주광역시 남구 테헤란가 지하321
485,159,2023-09-19 19:09:37,1279200.0,COMPLETED,세종특별자치시 마포구 반포대길 970 (지영진읍)
486,233,2021-12-27 11:23:35,616100.0,COMPLETED,경상남도 인제군 선릉3길 922 (중수이리)
487,181,2023-11-25 15:36:12,802400.0,SHIPPED,서울특별시 관악구 논현6로 547
488,76,2025-04-10 23:21:23,1185700.0,SHIPPED,부산광역시 노원구 오금7거리 851 (영수이윤동)
489,238,2022-08-29 16:48:58,94100.0,COMPLETED,인천광역시 용산구 양재천3로 903
490,156,2024-07-22 17:37:14,964300.0,COMPLETED,경상북도 광명시 오금813로 967
491,117,2025-06-29 00:58:30,334200.0,COMPLETED,전라남도 천안시 동남구 영동대29거리 87
492,99,2024-04-14 20:05:12,563300.0,COMPLETED,경상북도 춘천시 가락가 68-55
493,43,2025-07-30 18:11:45,515000.0,PENDING,인천광역시 종로구 잠실길 56 (수빈김강리)
494,40,2024-05-05 21:00:19,881500.0,COMPLETED,서울특별시 노원구 압구정거리 629-97
495,138,2024-12-08 07:34:25,567400.0,COMPLETED,대전광역시 서대문구 봉은사037거리 900
496,148,2024-09-18 10:11:54,591600.0,COMPLETED,충청남도 시흥시 석촌호수로 지하321 (진호윤면)
497,93,2025-05-31 07:47:11,430300.0,COMPLETED,충청북도 계룡시 가락5가 468 (승민이마을)
498,234,2021-09-08 21:11:57,681500.0,SHIPPED,대전광역시 마포구 봉은사175길 367-27
499,50,2024-06-10 03:14:33,98200.0,COMPLETED,대구광역시 서구 언주67가 374-72
500,30,2025-03-15 05:49:05,662500.0,COMPLETED,대전광역시 광진구 석촌호수로 946-41
501,72,2024-07-06 22:15:51,959100.0,PENDING,인천광역시 중구 논현로 지하118 (경숙윤리)
502,215,2025-06-18 11:29:47,138400.0,COMPLETED,부산광역시 중구 논현91길 지하140 (선영윤이리)
503,45,2024-03-29 06:16:22,632500.0,COMPLETED,충청남도 광명시 언주길 898
504,81,2022-10-18 13:53:49,30100.0,COMPLETED,전라북도 안양시 만안구 서초대가 61 (성훈이동)
505,5,2022-02-07 15:55:02,546600.0,SHIPPED,경상남도 양구군 논현가 38 (민준이박읍)
506,141,2022-06-17 02:52:52,192900.0,CANCELLED,인천광역시 종로구 잠실로 628-15 (승현이마을)
507,45,2024-09-16 02:26:39,845900.0,COMPLETED,전라북도 서산시 오금가 593-49 (영일강최동)
508,92,2025-07-12 00:31:41,225000.0,SHIPPED,충청남도 청주시 흥덕구 논현길 853
509,132,2025-01-17 18:55:45,866000.0,COMPLETED,세종특별자치시 금천구 개포거리 479-37 (은영김리)
510,195,2023-11-21 12:39:47,618200.0,COMPLETED,제주특별자치도 안산시 단원구 오금7길 지하109 (지은박리)
511,73,2024-08-19 17:40:00,728500.0,COMPLETED,세종특별자치시 금천구 오금3길 783
512,113,2025-05-21 18:08:55,238600.0,COMPLETED,경상남도 동두천시 선릉083로 92
513,228,2025-01-23 08:02:32,246200.0,COMPLETED,경상북도 부여군 테헤란7길 지하66
514,60,2024-10-01 16:31:21,317100.0,COMPLETED,부산광역시 종로구 도산대가 699-51
515,37,2025-07-03 22:47:29,513500.0,COMPLETED,인천광역시 강북구 논현가 867 (정호최김리)
516,238,2021-06-27 06:57:06,1108200.0,COMPLETED,대구광역시 영등포구 강남대로 288 (재현오동)
517,234,2023-04-24 13:29:33,965900.0,COMPLETED,충청남도 속초시 테헤란로 지하528
518,249,2024-09-27 14:24:12,315600.0,COMPLETED,부산광역시 강동구 테헤란가 223-65
519,215,2023-09-03 03:29:33,163100.0,COMPLETED,강원도 성남시 선릉거리 170
520,94,2025-07-05 07:18:55,538200.0,COMPLETED,경상북도 의왕시 논현7로 743
521,229,2022-08-23 01:16:04,423900.0,COMPLETED,경상남도 안양시 동안구 도산대로 872 (은지이읍)
522,141,2024-03-28 03:13:11,959300.0,PENDING,경상남도 태백시 반포대거리 304-87
523,179,2021-12-29 06:31:18,296800.0,COMPLETED,인천광역시 북구 선릉길 330 (은정김박읍)
524,146,2020-09-26 19:46:12,848800.0,COMPLETED,인천광역시 노원구 서초중앙길 962 (현지류마을)
525,241,2022-03-07 19:12:19,550800.0,SHIPPED,광주광역시 동대문구 오금길 지하422 (서연장최읍)
526,70,2023-06-15 20:28:01,312700.0,COMPLETED,세종특별자치시 영등포구 학동로 208
527,47,2025-06-09 03:02:42,471800.0,COMPLETED,울산광역시 종로구 언주가 507-12
528,29,2025-05-06 21:01:47,42400.0,COMPLETED,인천광역시 용산구 테헤란881거리 425-73 (영길이김읍)
529,243,2025-05-25 10:50:12,36100.0,COMPLETED,제주특별자치도 양주시 역삼0가 31-84
530,68,2023-07-16 04:30:33,445700.0,SHIPPED,경상북도 철원군 석촌호수4가 254 (서연김리)
531,120,2025-06-07 17:29:43,410900.0,COMPLETED,세종특별자치시 동작구 반포대3로 286-39
532,221,2023-04-25 09:20:11,382000.0,COMPLETED,충청남도 태백시 강남대로 지하71 (예진윤리)
533,224,2025-01-04 03:58:05,103600.0,PENDING,세종특별자치시 광진구 봉은사23가 419
534,75,2025-05-16 15:32:31,690800.0,PENDING,경상북도 광주시 서초중앙987거리 374 (은주김읍)
535,171,2025-08-05 12:25:50,209400.0,COMPLETED,제주특별자치도 안산시 상록구 도산대길 479
536,23,2023-05-19 21:34:02,139200.0,SHIPPED,세종특별자치시 영등포구 압구정길 152 (지훈김장동)
537,151,2025-02-02 13:05:17,369500.0,COMPLETED,경기도 논산시 역삼거리 163 (영일윤차마을)
538,165,2024-10-02 20:16:15,338200.0,COMPLETED,전라남도 옥천군 영동대길 764-50 (정식황마을)
539,160,2025-08-02 05:37:55,831000.0,COMPLETED,경상북도 성남시 분당구 테헤란길 909 (춘자강리)
540,143,2024-01-05 20:45:10,676100.0,COMPLETED,인천광역시 금천구 선릉2거리 292
541,82,2024-05-09 19:48:52,1162500.0,COMPLETED,경상북도 단양군 봉은사04가 477-56 (지영이동)
542,179,2025-03-22 21:01:27,343200.0,PENDING,인천광역시 서구 서초대로 750-80 (은지서마을)
543,81,2023-03-14 11:12:14,622100.0,COMPLETED,충청남도 안양시 동안구 선릉길 208-76
544,81,2022-02-27 01:08:15,197600.0,CANCELLED,대구광역시 양천구 강남대7거리 629
545,169,2023-04-05 22:22:23,1209600.0,COMPLETED,서울특별시 도봉구 백제고분거리 729 (정희정김마을)
546,192,2024-11-09 12:51:34,196200.0,COMPLETED,충청남도 양구군 서초대49로 677 (선영류김면)
547,249,2022-05-29 09:18:16,887500.0,COMPLETED,인천광역시 동구 개포거리 55 (혜진심리)
548,237,2022-01-28 12:06:53,567500.0,COMPLETED,제주특별자치도 음성군 강남대6로 826-62 (동현서이리)
549,42,2024-11-06 01:34:24,740200.0,PENDING,부산광역시 양천구 언주6로 지하350
550,190,2022-12-03 11:21:20,1117500.0,COMPLETED,세종특별자치시 양천구 오금394로 233-52 (지연박동)
551,95,2024-03-12 21:23:55,536900.0,COMPLETED,인천광역시 서초구 서초대1로 246-18
552,42,2025-03-18 13:00:15,743900.0,COMPLETED,경상남도 청주시 흥덕구 언주거리 716-9 (병철김최동)
553,73,2023-10-11 11:10:23,460800.0,COMPLETED,전라북도 옥천군 삼성길 890-61
554,89,2024-05-22 23:09:13,490500.0,COMPLETED,세종특별자치시 동구 역삼6길 지하315
555,229,2022-06-27 13:53:26,86000.0,SHIPPED,전라남도 제천시 석촌호수거리 256 (상철이김동)
556,208,2023-04-13 17:46:21,199400.0,COMPLETED,경기도 김포시 서초대로 339 (승민강서마을)
557,45,2022-11-06 14:27:50,614800.0,COMPLETED,충청북도 서천군 잠실4로 203 (주원차최동)
558,39,2024-03-18 21:40:16,184000.0,PENDING,인천광역시 광진구 도산대거리 115
559,168,2024-07-29 10:55:57,472300.0,COMPLETED,인천광역시 관악구 압구정156길 271-53
560,194,2025-07-22 17:55:33,703100.0,SHIPPED,경상북도 군포시 영동대거리 지하440 (영자오읍)
561,144,2025-08-07 06:14:06,1348800.0,SHIPPED,경상북도 오산시 가락68거리 55
562,68,2025-03-23 09:58:27,888900.0,COMPLETED,경기도 김포시 언주로 918 (예은안리)
563,27,2023-03-30 04:24:21,516900.0,SHIPPED,강원도 안산시 단원구 서초중앙거리 656-24 (지은문이마을)
564,28,2022-06-06 10:57:50,985700.0,COMPLETED,인천광역시 은평구 압구정거리 535-70
565,15,2021-05-20 12:21:18,1065300.0,SHIPPED,서울특별시 서구 오금43길 지하951
566,109,2021-01-26 10:22:26,454900.0,COMPLETED,강원도 부천시 오정구 역삼971거리 648 (동현장문리)
567,183,2025-08-04 15:10:10,501300.0,COMPLETED,서울특별시 서초구 언주241로 987 (정희문장면)
568,71,2024-05-19 22:33:27,151800.0,COMPLETED,전라북도 평택시 영동대367가 815 (지민이리)
569,171,2025-07-31 19:08:12,465700.0,COMPLETED,대전광역시 중구 서초대9거리 855
570,161,2023-01-29 06:05:02,602200.0,PENDING,제주특별자치도 철원군 백제고분816가 535 (현지김곽동)
571,33,2024-11-04 22:55:11,523500.0,COMPLETED,충청남도 보은군 언주거리 329-10
572,186,2025-06-08 08:23:46,1075900.0,PENDING,대전광역시 성동구 학동202가 437
573,160,2025-07-26 16:20:42,1002300.0,CANCELLED,울산광역시 종로구 역삼279가 288
574,146,2024-12-03 19:32:57,459200.0,CANCELLED,세종특별자치시 구로구 압구정로 809-49 (승민이김마을)
575,233,2021-12-18 21:09:57,90300.0,COMPLETED,서울특별시 구로구 반포대로 677 (민서손윤면)
576,104,2020-11-20 01:11:49,318300.0,SHIPPED,대구광역시 종로구 개포15거리 243 (미경윤이리)
577,133,2023-11-25 22:49:02,613500.0,SHIPPED,전라남도 부여군 영동대332거리 842
578,112,2025-04-01 05:51:13,565900.0,PENDING,충청남도 부천시 학동로 434-56 (중수허리)
579,78,2025-03-13 00:54:06,528900.0,COMPLETED,전라북도 부천시 원미구 개포길 984-32
580,21,2023-05-20 13:14:32,760200.0,COMPLETED,경상남도 고양시 일산서구 반포대가 471 (성민이읍)
581,100,2024-06-25 14:15:24,185500.0,SHIPPED,대전광역시 종로구 논현로 613-10 (유진안마을)
582,221,2024-10-15 19:24:22,290300.0,COMPLETED,부산광역시 중구 역삼95로 지하555 (성현나읍)
583,157,2025-01-10 22:03:38,127200.0,COMPLETED,서울특별시 성북구 백제고분516거리 지하689
584,67,2024-03-10 07:47:28,118800.0,COMPLETED,인천광역시 성북구 압구정길 520-54 (경희차동)
585,199,2025-06-25 23:05:35,309000.0,COMPLETED,충청북도 청주시 흥덕구 양재천427거리 6 (경희김마을)
586,57,2023-11-25 12:01:24,210800.0,COMPLETED,부산광역시 성동구 강남대2거리 185
587,209,2020-11-09 04:55:48,319500.0,COMPLETED,서울특별시 관악구 논현가 130-30 (미경민유리)
588,79,2022-08-11 08:48:31,140600.0,SHIPPED,충청북도 부천시 소사구 개포31가 261
589,22,2025-03-21 14:00:39,495600.0,COMPLETED,대구광역시 마포구 언주64로 903 (경수김박마을)
590,88,2025-06-27 05:42:45,275700.0,COMPLETED,충청남도 태백시 도산대924길 312
591,83,2025-04-08 14:12:32,522800.0,COMPLETED,충청북도 청주시 서원구 언주거리 711
592,178,2020-12-23 01:53:53,763300.0,COMPLETED,인천광역시 남구 선릉거리 지하938 (수빈김면)
593,179,2024-02-13 02:23:34,336000.0,COMPLETED,세종특별자치시 금천구 개포795길 606-36
594,81,2025-01-21 07:25:04,545000.0,COMPLETED,세종특별자치시 도봉구 압구정거리 920 (옥순안읍)
595,31,2022-10-10 14:55:51,1408200.0,COMPLETED,대구광역시 종로구 잠실3거리 지하55
596,122,2024-07-19 00:47:15,958600.0,SHIPPED,부산광역시 중구 선릉가 311-83
597,139,2023-12-30 19:59:55,133800.0,COMPLETED,대전광역시 동구 반포대로 398
598,160,2025-07-31 11:38:19,542800.0,COMPLETED,전라북도 고성군 역삼길 802
599,135,2021-07-01 09:50:58,565800.0,PENDING,경기도 부여군 도산대937로 285 (정수한면)
600,8,2025-07-11 11:29:02,814100.0,COMPLETED,인천광역시 관악구 오금622로 348-47
601,246,2025-07-28 05:21:46,681400.0,COMPLETED,경기도 성남시 분당구 서초대거리 130 (현정홍김읍)
602,84,2023-07-25 14:10:09,573700.0,COMPLETED,경상남도 삼척시 양재천063길 621-90
603,249,2022-06-05 01:24:57,173400.0,COMPLETED,대구광역시 용산구 강남대542거리 825
604,57,2023-07-01 09:19:14,306400.0,COMPLETED,전라북도 안양시 동안구 강남대7로 531
605,108,2023-08-12 15:08:20,151500.0,PENDING,대전광역시 중랑구 학동09로 236 (주원김읍)
606,145,2024-10-19 00:32:31,689700.0,COMPLETED,대전광역시 성북구 서초중앙가 지하638 (승현김면)
607,37,2025-05-08 18:37:46,528900.0,COMPLETED,대구광역시 북구 봉은사7길 954-25
608,157,2025-03-13 08:48:18,774500.0,SHIPPED,대구광역시 송파구 학동가 275
609,239,2025-08-03 13:53:59,651800.0,COMPLETED,전라남도 김포시 압구정04길 지하653 (광수홍면)
610,100,2023-08-02 13:46:34,992500.0,PENDING,충청남도 속초시 서초중앙70가 750-40 (영수최읍)
611,187,2025-07-01 01:57:10,607100.0,COMPLETED,경상북도 서산시 강남대로 61 (정수김류동)
612,166,2024-12-27 00:45:14,284400.0,COMPLETED,제주특별자치도 여주시 봉은사길 424-12
613,174,2024-12-15 09:40:58,327400.0,COMPLETED,인천광역시 남구 서초중앙213가 209-38 (상철최김읍)
614,67,2024-10-10 03:24:24,1259200.0,COMPLETED,세종특별자치시 성북구 논현가 446-41 (재호최면)
615,57,2024-04-26 15:24:39,708700.0,COMPLETED,대구광역시 강북구 역삼로 879
616,24,2023-12-25 02:03:05,664100.0,COMPLETED,전라북도 수원시 장안구 개포46가 588 (동현김동)
617,115,2025-01-11 15:13:12,1140200.0,COMPLETED,제주특별자치도 안산시 언주7길 752-36
618,118,2021-03-10 18:18:20,334200.0,COMPLETED,서울특별시 성동구 압구정거리 560-91 (정훈박한동)
619,81,2024-08-02 09:33:09,773400.0,COMPLETED,충청남도 홍성군 강남대8로 992 (민석곽리)
620,144,2025-08-03 12:15:50,898000.0,SHIPPED,제주특별자치도 천안시 서북구 영동대로 875 (준영이동)
621,201,2021-09-10 08:35:22,186500.0,COMPLETED,경상남도 아산시 역삼거리 529-13
622,70,2024-10-14 20:22:58,1157200.0,SHIPPED,경기도 성남시 중원구 도산대로 지하290
623,16,2023-05-09 01:27:56,40400.0,COMPLETED,경상남도 파주시 백제고분39길 285
624,207,2025-07-25 18:19:35,561200.0,PENDING,대전광역시 강북구 학동길 380
625,67,2022-08-16 11:04:52,194500.0,COMPLETED,부산광역시 중랑구 학동7로 2-77 (예은김리)
626,76,2024-09-09 23:37:01,291400.0,COMPLETED,대구광역시 북구 언주5길 332-63
627,27,2022-12-07 07:53:22,174800.0,COMPLETED,울산광역시 은평구 양재천768거리 283-61 (영일김마을)
628,28,2021-06-07 22:34:01,409700.0,PENDING,광주광역시 남구 서초대855거리 45-57 (영미김김동)
629,75,2025-01-16 09:38:28,332000.0,COMPLETED,세종특별자치시 서구 석촌호수90가 670
630,239,2025-07-23 10:48:52,1106300.0,COMPLETED,인천광역시 중구 오금49길 753-99 (동현하이마을)
631,67,2023-08-29 13:00:47,435200.0,COMPLETED,전라북도 부여군 역삼로 지하882 (순자박면)
632,56,2023-02-13 13:08:55,575100.0,COMPLETED,강원도 양구군 석촌호수47가 155 (은서이리)
633,153,2024-06-17 13:17:18,1175300.0,COMPLETED,제주특별자치도 광명시 강남대72길 980-10
634,136,2025-05-11 23:36:22,701000.0,COMPLETED,강원도 안성시 논현5거리 461-1
635,75,2022-09-18 17:30:08,692100.0,PENDING,세종특별자치시 영등포구 가락793로 608 (예진김김읍)
636,172,2022-04-28 15:19:06,703200.0,SHIPPED,제주특별자치도 증평군 백제고분로 533-27
637,21,2025-01-07 10:02:23,296300.0,COMPLETED,경기도 서산시 압구정길 165 (정자김마을)
638,233,2021-01-24 14:48:04,167100.0,COMPLETED,부산광역시 남구 석촌호수길 189-79
639,192,2025-04-30 10:32:22,437100.0,COMPLETED,전라북도 괴산군 잠실469거리 188-56
640,82,2025-06-08 18:01:37,489300.0,PENDING,제주특별자치도 청주시 흥덕구 강남대6로 174 (정웅박리)
641,207,2025-07-27 00:33:57,999700.0,COMPLETED,제주특별자치도 성남시 중원구 선릉98로 416 (준호김리)
642,210,2025-06-28 19:44:00,530600.0,CANCELLED,광주광역시 중구 석촌호수가 579-69 (영철박안동)
643,68,2023-07-06 21:12:47,840000.0,COMPLETED,세종특별자치시 동구 선릉길 896
644,87,2022-06-01 09:59:35,434300.0,CANCELLED,경상북도 원주시 강남대7길 387-4 (하윤김박마을)
645,49,2024-09-19 04:36:36,58300.0,COMPLETED,충청남도 고양시 서초대로 367 (재현김리)
646,174,2025-05-22 00:04:24,198300.0,SHIPPED,부산광역시 서구 역삼43로 434 (재현엄김읍)
647,105,2025-02-08 21:04:25,294200.0,COMPLETED,강원도 용인시 기흥구 학동206가 109 (서윤김리)
648,36,2025-02-15 23:59:00,426600.0,SHIPPED,강원도 하남시 잠실가 917-61 (예은김마을)
649,1,2022-04-28 06:39:07,427200.0,COMPLETED,경기도 영동군 선릉628가 742 (서준심이마을)
650,45,2023-08-01 16:29:18,749400.0,COMPLETED,경상북도 충주시 강남대362가 지하952
651,196,2023-11-20 12:38:50,305800.0,COMPLETED,세종특별자치시 서초구 잠실422가 66-14 (정숙김김마을)
652,239,2025-05-06 06:31:57,1079600.0,SHIPPED,광주광역시 송파구 영동대로 698-84
653,176,2025-04-10 19:30:21,835700.0,COMPLETED,충청북도 안성시 개포가 105 (영길장고리)
654,93,2025-01-20 02:31:17,696300.0,COMPLETED,인천광역시 용산구 강남대가 526
655,224,2024-11-22 01:37:38,580500.0,COMPLETED,전라남도 금산군 학동1가 413-74
656,141,2024-02-12 15:24:04,198400.0,COMPLETED,경상남도 성남시 분당구 도산대로 864-12 (수진박김리)
657,94,2025-06-11 19:51:46,274300.0,COMPLETED,인천광역시 동구 석촌호수길 349-45
658,113,2025-06-18 16:36:25,659300.0,SHIPPED,부산광역시 마포구 개포로 지하928
659,149,2024-02-24 10:16:57,193200.0,COMPLETED,부산광역시 구로구 학동로 107 (영환이이읍)
660,135,2022-05-03 17:43:47,1110300.0,COMPLETED,충청북도 평택시 서초중앙3길 970
661,66,2022-07-31 11:45:47,141000.0,COMPLETED,경상북도 동두천시 양재천길 110-71 (민서박면)
662,37,2025-01-12 05:35:09,855800.0,COMPLETED,경상남도 용인시 처인구 서초중앙거리 394
663,189,2025-01-12 06:38:52,478800.0,COMPLETED,경상북도 안산시 단원구 잠실로 560-82 (성호김면)
664,16,2022-04-03 03:47:15,1098500.0,COMPLETED,대전광역시 송파구 언주2길 927 (민재김면)
665,225,2021-04-16 01:35:21,652200.0,PENDING,충청남도 용인시 처인구 개포379가 113-85 (은주황곽동)
666,119,2023-06-23 07:59:57,1373900.0,CANCELLED,인천광역시 강서구 가락거리 947-89
667,95,2022-12-03 09:34:38,512100.0,COMPLETED,부산광역시 성동구 선릉가 206
668,83,2025-07-26 02:20:00,716800.0,COMPLETED,전라북도 홍성군 오금0거리 지하203
669,71,2023-09-03 04:50:51,175900.0,COMPLETED,광주광역시 성동구 양재천7거리 860-62 (성현성동)
670,26,2025-02-16 15:40:43,133000.0,COMPLETED,대전광역시 양천구 학동686거리 153 (진호박동)
671,207,2025-08-02 05:34:38,499800.0,COMPLETED,강원도 성남시 분당구 백제고분가 802-29
672,46,2023-05-20 19:47:03,141000.0,PENDING,전라북도 파주시 삼성로 50-17 (병철정양읍)
673,150,2023-12-03 13:19:10,1257800.0,COMPLETED,제주특별자치도 안양시 삼성로 671 (현숙이읍)
674,111,2023-07-04 04:55:11,1348200.0,COMPLETED,부산광역시 강남구 서초대005거리 지하533
675,109,2021-01-17 21:09:42,152600.0,COMPLETED,울산광역시 성동구 봉은사가 251
676,17,2025-03-06 18:09:15,480500.0,COMPLETED,경기도 김포시 영동대가 328-73 (영호이면)
677,140,2021-07-06 03:36:35,572500.0,PENDING,충청북도 고양시 일산서구 서초중앙75로 904-82
678,96,2025-03-14 00:02:43,78300.0,PENDING,전라북도 안성시 석촌호수길 974 (진우박마을)
679,221,2023-08-16 01:51:35,116600.0,SHIPPED,대전광역시 서초구 압구정가 241-65
680,80,2023-02-28 17:41:54,156600.0,PENDING,충청남도 천안시 동남구 압구정61길 23-1
681,45,2023-01-31 11:00:55,868700.0,COMPLETED,부산광역시 종로구 가락305거리 177-8 (성진박동)
682,34,2025-05-21 02:48:03,216400.0,COMPLETED,경기도 증평군 압구정거리 400 (정순박마을)
683,48,2024-06-18 19:49:50,296400.0,COMPLETED,전라북도 여주시 잠실거리 783
684,235,2023-03-16 09:09:02,225500.0,COMPLETED,경상북도 원주시 가락로 602 (은서윤윤읍)
685,215,2025-07-27 23:28:28,105300.0,COMPLETED,대구광역시 중랑구 석촌호수로 28
686,246,2025-04-22 15:16:06,993800.0,COMPLETED,세종특별자치시 중랑구 석촌호수로 935-37 (하은황이면)
687,76,2025-02-17 08:29:20,300100.0,SHIPPED,경상남도 청주시 서원구 서초대길 232 (지혜송동)
688,190,2024-12-22 04:12:00,602000.0,SHIPPED,대구광역시 강남구 학동가 446-75 (민석김안마을)
689,159,2022-01-16 18:26:44,333900.0,CANCELLED,경기도 이천시 삼성가 949-84 (성호하허리)
690,215,2023-07-17 11:44:45,427200.0,COMPLETED,서울특별시 북구 논현465길 461-78 (정호장면)
691,146,2020-11-25 18:08:58,337100.0,COMPLETED,부산광역시 성북구 압구정62길 691
692,58,2024-12-09 09:55:17,47100.0,COMPLETED,전라북도 양양군 논현거리 695
693,46,2022-07-25 07:26:45,347700.0,COMPLETED,전라북도 수원시 서초중앙거리 292-92
694,173,2025-08-05 20:53:25,359500.0,COMPLETED,경상북도 양평군 역삼로 131-26
695,239,2025-07-14 06:50:28,460400.0,COMPLETED,광주광역시 중구 석촌호수599로 537
696,208,2024-09-13 00:10:47,863900.0,COMPLETED,부산광역시 양천구 양재천41거리 584 (미경백동)
697,48,2025-02-19 12:15:19,1062600.0,COMPLETED,부산광역시 동작구 언주가 385-2
698,154,2023-08-31 01:02:09,382000.0,PENDING,경상남도 홍성군 개포로 141-15
699,164,2024-05-17 13:44:48,1305500.0,COMPLETED,울산광역시 송파구 선릉로 424
700,147,2024-02-20 05:44:45,473200.0,SHIPPED,대구광역시 서구 반포대371길 345-94 (선영백면)
701,43,2025-07-02 13:13:34,644000.0,COMPLETED,충청북도 춘천시 압구정가 431 (정수김리)
702,94,2025-06-20 10:58:06,481200.0,COMPLETED,광주광역시 양천구 잠실91로 131 (준혁박안리)
703,152,2024-04-21 13:11:26,586900.0,COMPLETED,광주광역시 도봉구 압구정527로 803-94
704,178,2022-01-25 19:15:28,570100.0,COMPLETED,대전광역시 성북구 학동길 26-75 (현우장면)
705,122,2025-02-06 04:18:06,415400.0,SHIPPED,부산광역시 남구 강남대길 46
706,224,2024-01-30 07:33:26,926600.0,SHIPPED,전라북도 여주시 영동대795거리 507-99 (서영백읍)
707,42,2023-09-04 23:11:31,1116800.0,COMPLETED,부산광역시 광진구 언주거리 727 (순옥한김리)
708,124,2022-09-15 07:09:26,757800.0,COMPLETED,경기도 인제군 백제고분로 883
709,80,2025-02-02 21:29:49,516100.0,COMPLETED,강원도 원주시 개포거리 208-98
710,82,2024-01-22 06:34:51,213400.0,COMPLETED,광주광역시 구로구 오금로 지하809
711,8,2025-08-03 08:06:45,386400.0,COMPLETED,경상남도 영월군 개포거리 110 (순옥양동)
712,98,2025-03-22 07:37:58,384600.0,PENDING,인천광역시 금천구 선릉가 967
713,241,2023-11-13 22:11:26,351800.0,COMPLETED,대전광역시 성북구 도산대로 243
714,228,2025-01-18 13:26:09,649000.0,SHIPPED,전라북도 동두천시 영동대149로 295-12 (수민김김동)
715,209,2020-04-11 05:50:27,626400.0,COMPLETED,대구광역시 관악구 백제고분거리 지하690
716,159,2024-08-11 20:02:39,145700.0,COMPLETED,전라북도 수원시 영통구 도산대길 347
717,60,2024-06-10 16:44:21,813800.0,COMPLETED,강원도 보은군 양재천604길 895 (옥자김송면)
718,107,2025-05-25 20:23:53,1207100.0,SHIPPED,울산광역시 성동구 양재천거리 190 (경자안마을)
719,178,2020-03-12 12:13:31,713000.0,COMPLETED,광주광역시 은평구 서초중앙26거리 108 (영환황동)
720,92,2025-06-24 02:58:43,1070900.0,COMPLETED,세종특별자치시 종로구 석촌호수4로 763
721,61,2024-07-11 23:53:23,577200.0,COMPLETED,제주특별자치도 연천군 석촌호수가 81 (춘자김서동)
722,218,2024-07-16 15:34:10,326200.0,COMPLETED,울산광역시 동대문구 압구정6거리 608
723,54,2022-05-16 09:02:20,269700.0,COMPLETED,서울특별시 영등포구 역삼로 801 (지훈김안리)
724,62,2024-11-30 19:57:34,196100.0,COMPLETED,광주광역시 강동구 백제고분로 272-97
725,26,2022-05-26 13:08:20,1295800.0,COMPLETED,대구광역시 서대문구 반포대거리 지하776
726,202,2024-03-07 01:13:04,196400.0,COMPLETED,충청북도 철원군 잠실256거리 841-17 (하윤윤김면)
727,63,2024-08-14 07:35:05,86700.0,COMPLETED,부산광역시 중구 서초대길 지하614 (경희민이동)
728,236,2022-02-06 20:55:26,305200.0,CANCELLED,부산광역시 서구 석촌호수가 611-63 (순옥하읍)
729,174,2024-07-16 06:22:03,291400.0,COMPLETED,강원도 용인시 반포대6로 265-51
730,25,2021-08-13 06:20:18,628900.0,COMPLETED,부산광역시 남구 석촌호수길 지하125
731,226,2024-06-11 06:40:32,520300.0,COMPLETED,광주광역시 성동구 영동대가 258
732,237,2021-04-29 14:51:11,450100.0,SHIPPED,충청북도 횡성군 선릉30거리 925-68 (영호류이마을)
733,63,2023-02-23 01:52:39,785100.0,SHIPPED,전라북도 고양시 가락155로 570-92 (정식권면)
734,86,2024-08-02 07:53:48,391400.0,COMPLETED,전라남도 청주시 서원구 강남대거리 439
735,64,2025-04-18 08:49:48,213200.0,COMPLETED,부산광역시 양천구 압구정4로 636-44
736,17,2021-04-24 02:38:41,1492700.0,COMPLETED,전라북도 성남시 수정구 가락8길 983 (영환최이면)
737,43,2025-08-05 09:52:10,297400.0,COMPLETED,울산광역시 북구 도산대로 437 (명자박리)
738,192,2025-02-12 08:20:33,413600.0,COMPLETED,세종특별자치시 성북구 오금길 232 (채원오마을)
739,56,2022-10-21 02:35:56,558500.0,PENDING,대전광역시 강서구 영동대5길 766-22
740,58,2023-06-19 17:56:52,917500.0,COMPLETED,경상북도 성남시 수정구 백제고분가 969-93
741,130,2024-06-01 07:14:42,715800.0,SHIPPED,대전광역시 종로구 잠실로 692 (미경이노동)
742,56,2024-10-22 12:56:20,337400.0,COMPLETED,광주광역시 서구 개포4로 지하374 (성진안홍읍)
743,169,2024-11-20 00:10:24,74900.0,SHIPPED,대구광역시 영등포구 양재천로 621-48 (은주문박마을)
744,40,2021-03-24 18:14:05,680100.0,COMPLETED,충청남도 증평군 압구정거리 982-92 (은정최김마을)
745,44,2021-12-09 06:40:51,417600.0,COMPLETED,전라북도 증평군 개포로 71-55 (민지이리)
746,155,2020-10-12 06:43:46,547600.0,SHIPPED,충청남도 인제군 개포1로 835-17
747,112,2025-02-14 03:34:37,728400.0,COMPLETED,경상남도 여주시 봉은사6로 190-8
748,120,2025-07-21 18:43:31,861900.0,SHIPPED,전라북도 시흥시 서초대거리 757-59 (예지전박리)
749,71,2023-08-27 01:14:05,310100.0,COMPLETED,세종특별자치시 북구 서초중앙로 28-5
750,230,2024-02-01 06:20:36,204600.0,COMPLETED,대전광역시 성북구 잠실가 지하496 (혜진이이마을)
751,59,2025-07-24 19:14:48,134700.0,COMPLETED,충청남도 청양군 봉은사가 845 (동현이읍)
752,167,2025-07-31 11:57:10,606000.0,SHIPPED,인천광역시 강동구 선릉로 679
753,54,2025-07-18 14:59:37,463200.0,COMPLETED,강원도 부천시 소사구 서초중앙796거리 781-87 (서윤손동)
754,49,2024-06-16 10:46:46,506000.0,SHIPPED,강원도 여주시 봉은사가 761
755,70,2022-12-21 16:39:22,329700.0,COMPLETED,충청북도 옥천군 서초대4거리 680 (영식최이동)
756,179,2023-05-02 13:05:31,94200.0,COMPLETED,울산광역시 마포구 논현4거리 880-87 (은정강김마을)
757,75,2023-01-16 13:31:17,984500.0,COMPLETED,광주광역시 성동구 영동대거리 408 (준서이이면)
758,188,2025-05-19 23:32:31,937500.0,COMPLETED,경상남도 단양군 역삼768가 707-17 (서준강마을)
759,162,2025-06-04 12:43:41,337500.0,COMPLETED,광주광역시 구로구 삼성로 747 (춘자김동)
760,52,2022-06-06 07:47:50,1081500.0,COMPLETED,광주광역시 서초구 도산대7길 487
761,140,2024-03-16 01:11:00,1043700.0,COMPLETED,제주특별자치도 성남시 테헤란길 921
762,25,2023-03-25 13:46:30,850400.0,PENDING,대구광역시 양천구 서초중앙가 970 (미숙이동)
763,79,2024-04-01 04:00:43,540100.0,SHIPPED,인천광역시 중구 영동대길 915-79
764,145,2024-12-01 03:30:49,174900.0,COMPLETED,인천광역시 금천구 언주36로 284-71 (도윤이마을)
765,187,2021-12-05 16:57:24,247400.0,COMPLETED,울산광역시 도봉구 서초대3가 125-35 (성진김면)
766,189,2025-08-05 11:22:46,92000.0,COMPLETED,경상북도 횡성군 서초대로 418-7
767,37,2025-05-26 08:48:13,940400.0,CANCELLED,경상북도 안산시 상록구 오금8길 66 (정희김리)
768,134,2022-03-31 01:59:03,1118400.0,COMPLETED,전라남도 단양군 봉은사거리 지하849 (성호지임리)
769,249,2022-08-06 15:35:31,174400.0,SHIPPED,인천광역시 강북구 영동대948길 1
770,248,2024-02-04 20:14:42,395200.0,SHIPPED,강원도 홍성군 도산대가 62
771,188,2025-07-27 18:54:01,512400.0,PENDING,강원도 청양군 역삼64거리 250
772,219,2025-03-11 07:14:10,609900.0,COMPLETED,대구광역시 남구 선릉391길 183-82 (정남이김면)
773,159,2023-07-30 00:57:34,132200.0,SHIPPED,광주광역시 종로구 선릉8로 791 (도윤최마을)
774,147,2024-07-09 10:02:44,1133600.0,SHIPPED,충청북도 안성시 백제고분길 872
775,39,2023-07-28 20:58:22,779700.0,COMPLETED,세종특별자치시 중구 서초중앙12가 615
776,170,2024-03-26 05:33:50,429900.0,COMPLETED,울산광역시 서대문구 선릉가 153-65
777,3,2025-01-14 01:58:03,94100.0,COMPLETED,인천광역시 마포구 선릉0로 4-73
778,105,2024-09-12 17:15:56,761500.0,COMPLETED,경상북도 단양군 언주가 929-19 (중수김이읍)
779,22,2022-09-21 17:16:05,645900.0,COMPLETED,세종특별자치시 노원구 압구정길 807
780,157,2025-07-11 22:28:30,207600.0,SHIPPED,강원도 여주시 영동대가 지하657
781,41,2023-06-30 16:59:28,554600.0,PENDING,서울특별시 동구 논현가 979
782,96,2025-07-06 14:54:28,636000.0,COMPLETED,세종특별자치시 강남구 선릉거리 481
783,61,2025-03-10 14:13:29,1072300.0,SHIPPED,강원도 고양시 덕양구 서초대90로 584
784,2,2025-04-25 12:36:48,1184300.0,COMPLETED,대구광역시 서구 오금030길 396-90 (도윤이이동)
785,91,2024-01-07 16:27:10,70200.0,COMPLETED,인천광역시 마포구 강남대3가 684
786,40,2022-04-24 08:52:38,362200.0,SHIPPED,경기도 의정부시 잠실거리 3 (영철심마을)
787,190,2025-02-24 12:59:28,468700.0,COMPLETED,부산광역시 관악구 영동대599로 887-5 (준혁곽박마을)
788,181,2024-12-21 21:43:45,471600.0,COMPLETED,경기도 인제군 도산대3가 928-96
789,191,2025-01-08 05:46:17,661700.0,COMPLETED,강원도 성남시 분당구 영동대거리 47
790,172,2021-03-11 01:37:42,589000.0,COMPLETED,경상남도 수원시 권선구 석촌호수2길 653
791,185,2025-06-10 09:57:46,133800.0,COMPLETED,경상남도 수원시 팔달구 영동대9길 854 (예은김백마을)
792,55,2025-04-10 11:37:18,453500.0,COMPLETED,경상남도 서천군 서초중앙51가 950-80
793,58,2024-01-14 06:23:17,315600.0,SHIPPED,충청북도 파주시 테헤란로 지하877 (시우최허리)
794,182,2025-03-23 07:20:20,1381400.0,COMPLETED,서울특별시 강서구 백제고분4로 234
795,41,2024-02-19 05:26:28,348400.0,COMPLETED,서울특별시 동대문구 잠실로 919
796,120,2025-07-03 23:20:06,182500.0,COMPLETED,강원도 안산시 테헤란거리 900-36 (승현황면)
797,103,2021-04-19 18:20:10,531200.0,COMPLETED,인천광역시 서구 오금62길 347 (미영이최면)
798,140,2023-11-07 02:04:57,1010100.0,COMPLETED,세종특별자치시 양천구 도산대99로 84 (예원이읍)
799,65,2024-07-17 07:47:02,234900.0,COMPLETED,제주특별자치도 양주시 압구정72로 865
800,157,2024-12-27 08:47:05,431700.0,COMPLETED,경상남도 속초시 잠실942가 5
801,95,2024-02-18 03:47:26,163100.0,COMPLETED,경기도 성남시 수정구 반포대가 213-3
802,247,2022-01-17 15:03:38,284400.0,SHIPPED,부산광역시 강남구 역삼길 617-21
803,242,2023-06-26 22:24:14,872600.0,COMPLETED,울산광역시 서대문구 백제고분길 지하384 (명자한지면)
804,42,2023-11-12 21:18:04,1300400.0,SHIPPED,충청남도 삼척시 서초대991로 613-95
805,161,2023-02-10 01:57:02,387300.0,PENDING,대전광역시 성동구 잠실길 961-74 (성현이노마을)
806,42,2024-06-15 05:13:24,956300.0,SHIPPED,경상남도 청주시 서원구 선릉383거리 327-39 (영수김마을)
807,93,2025-04-08 23:07:15,733400.0,SHIPPED,충청북도 용인시 처인구 오금거리 985-3 (서연노면)
808,116,2024-08-24 17:21:24,213200.0,COMPLETED,충청북도 고성군 역삼1로 749 (선영오면)
809,104,2022-09-21 23:45:34,835600.0,COMPLETED,인천광역시 은평구 압구정가 560 (은서김유읍)
810,81,2025-05-11 22:50:44,343800.0,COMPLETED,대구광역시 성동구 서초대05로 272
811,219,2025-03-15 07:39:24,46400.0,PENDING,대구광역시 도봉구 봉은사2가 124
812,32,2021-08-08 00:50:43,451200.0,COMPLETED,경상북도 안산시 단원구 삼성1거리 565
813,37,2023-12-17 12:32:43,1115300.0,SHIPPED,울산광역시 서초구 테헤란917가 491
814,85,2025-05-27 07:57:49,1266300.0,SHIPPED,충청북도 부천시 오정구 잠실로 82-89 (영진김박마을)
815,76,2025-04-10 14:34:36,237600.0,COMPLETED,경기도 정선군 봉은사7거리 539 (민서홍동)
816,81,2025-02-01 06:26:13,489300.0,COMPLETED,인천광역시 강서구 강남대길 629 (도현이동)
817,186,2025-08-05 15:18:30,998100.0,COMPLETED,부산광역시 송파구 백제고분4가 670-54
818,91,2024-01-22 02:56:45,240900.0,PENDING,광주광역시 남구 역삼0거리 901 (아름안손읍)
819,82,2024-05-23 18:44:04,942600.0,COMPLETED,인천광역시 광진구 언주로 623
820,152,2023-06-23 13:18:01,112200.0,COMPLETED,충청남도 서산시 서초대길 318
821,16,2024-12-18 17:40:47,158700.0,SHIPPED,충청남도 진천군 테헤란2길 408
822,100,2023-05-17 10:10:30,767900.0,COMPLETED,대전광역시 노원구 언주48가 413-41 (수진지리)
823,233,2020-10-31 01:57:55,813700.0,COMPLETED,경기도 강릉시 백제고분가 476
824,150,2024-01-24 22:05:27,158400.0,COMPLETED,광주광역시 서초구 잠실55길 지하11
825,192,2024-10-02 05:41:08,122600.0,CANCELLED,전라남도 군포시 영동대30가 202-52
826,147,2024-01-21 21:02:39,1197800.0,SHIPPED,경기도 성남시 압구정가 260-31 (지훈홍마을)
827,88,2025-07-07 09:11:20,46400.0,SHIPPED,대전광역시 강서구 도산대157로 418
828,53,2024-11-06 01:25:46,866500.0,PENDING,충청남도 고양시 논현426가 748-27
829,158,2023-09-04 15:11:31,862500.0,COMPLETED,충청남도 광명시 역삼가 78
830,248,2021-01-26 03:28:09,505100.0,COMPLETED,서울특별시 남구 언주3거리 620-71 (재호홍마을)
831,84,2025-05-05 05:36:45,110700.0,COMPLETED,충청북도 포천시 가락로 409 (현우최최면)
832,249,2025-03-01 17:51:52,176000.0,COMPLETED,충청북도 공주시 언주로 399 (지우박동)
833,7,2024-10-25 13:51:22,50500.0,PENDING,충청북도 보령시 서초중앙92로 960-45
834,42,2024-05-09 17:49:44,901700.0,PENDING,제주특별자치도 음성군 역삼가 988 (영순박읍)
835,39,2024-03-02 21:24:07,231800.0,SHIPPED,충청남도 부천시 오정구 강남대가 624
836,73,2021-12-24 07:07:34,956200.0,COMPLETED,충청남도 안양시 오금938로 지하121
837,163,2025-07-22 07:27:40,673900.0,COMPLETED,강원도 고양시 일산서구 석촌호수48가 970-9 (예지진차읍)
838,136,2024-09-28 15:51:47,464200.0,SHIPPED,경기도 충주시 서초중앙길 지하125
839,148,2025-01-13 13:14:49,136800.0,COMPLETED,부산광역시 도봉구 강남대26길 295-18 (정남황김읍)
840,21,2023-06-01 23:20:45,463500.0,COMPLETED,충청북도 포천시 학동로 126-1 (진호양리)
841,73,2024-08-15 03:15:17,260300.0,SHIPPED,전라남도 의정부시 잠실2길 385-51 (혜진유노리)
842,53,2021-07-31 13:26:50,543300.0,COMPLETED,전라남도 안양시 동안구 논현로 지하595 (경자김읍)
843,132,2024-12-14 12:47:12,841200.0,COMPLETED,광주광역시 은평구 삼성85길 391
844,221,2022-06-09 03:30:33,999600.0,COMPLETED,경상북도 서천군 개포39로 76 (건우한노마을)
845,221,2025-07-28 22:35:31,990200.0,COMPLETED,인천광역시 용산구 가락거리 지하192
846,117,2024-09-23 08:18:51,304600.0,COMPLETED,대구광역시 중랑구 백제고분가 154-38
847,33,2022-06-29 02:54:27,437200.0,COMPLETED,광주광역시 은평구 개포35거리 148
848,64,2025-01-28 20:25:25,713200.0,COMPLETED,강원도 군포시 언주459로 지하367
849,158,2024-08-29 11:54:12,399000.0,COMPLETED,충청남도 양주시 봉은사35길 418-92
850,86,2025-04-24 08:57:42,374500.0,COMPLETED,대전광역시 구로구 개포666길 135 (지우이마을)
851,112,2025-07-29 18:57:18,997400.0,COMPLETED,충청북도 안산시 단원구 석촌호수가 234-25
852,155,2020-10-17 06:19:00,368800.0,SHIPPED,충청남도 용인시 기흥구 백제고분6가 798 (경자김면)
853,130,2024-11-10 05:39:10,355000.0,CANCELLED,광주광역시 서초구 테헤란거리 435 (민재송읍)
854,139,2021-08-26 03:44:28,1085700.0,COMPLETED,경기도 강릉시 언주62거리 20 (순자주읍)
855,108,2024-04-06 09:44:21,143300.0,COMPLETED,전라북도 용인시 수지구 오금로 700
856,151,2024-04-14 15:05:51,624200.0,SHIPPED,전라남도 영동군 논현283가 840
857,74,2025-05-31 01:26:11,200300.0,COMPLETED,대구광역시 금천구 논현길 545-21
858,220,2023-01-07 22:59:53,133000.0,COMPLETED,충청남도 정선군 역삼가 523 (성훈임마을)
859,128,2023-02-15 11:56:30,359100.0,COMPLETED,전라북도 화천군 선릉로 167 (정훈김하리)
860,109,2021-05-27 06:03:57,952200.0,COMPLETED,광주광역시 강서구 영동대580길 591-36 (하은이장읍)
861,125,2025-08-06 14:35:53,475800.0,SHIPPED,인천광역시 금천구 학동거리 136-69
862,180,2025-02-18 10:18:20,527400.0,SHIPPED,울산광역시 노원구 가락거리 458-9 (유진김읍)
863,244,2025-03-07 04:16:04,116700.0,COMPLETED,경상남도 안산시 오금가 803-96
864,183,2025-08-04 21:20:18,350800.0,SHIPPED,전라남도 진천군 논현로 51 (상현노리)
865,101,2025-05-18 16:46:46,837100.0,COMPLETED,제주특별자치도 군포시 개포로 894-70
866,150,2024-01-13 21:09:54,458300.0,COMPLETED,인천광역시 동구 가락33가 208-27
867,226,2025-06-24 20:56:44,796500.0,COMPLETED,인천광역시 영등포구 영동대837거리 404 (명숙이이읍)
868,189,2024-09-17 01:01:09,332800.0,COMPLETED,전라남도 강릉시 백제고분543길 830-72 (지현성읍)
869,42,2024-02-04 09:24:48,854300.0,CANCELLED,서울특별시 관악구 서초중앙가 662 (상호김읍)
870,31,2022-01-20 03:56:13,1095700.0,PENDING,경상북도 보령시 영동대264거리 320
871,44,2025-03-22 05:43:22,342200.0,SHIPPED,전라남도 속초시 백제고분93거리 지하99
872,136,2024-11-15 03:26:27,297400.0,COMPLETED,대전광역시 강남구 압구정로 535 (예은김마을)
873,97,2025-06-09 04:56:03,430600.0,COMPLETED,울산광역시 관악구 오금로 지하875
874,206,2025-08-01 04:43:14,587500.0,COMPLETED,충청북도 광명시 양재천거리 236 (미숙이동)
875,115,2023-07-19 03:04:56,827600.0,COMPLETED,울산광역시 광진구 역삼거리 841-87
876,220,2022-09-14 03:22:06,455700.0,COMPLETED,전라북도 공주시 봉은사181길 491-55
877,76,2024-10-03 01:32:47,546100.0,COMPLETED,강원도 양평군 압구정길 417
878,211,2024-09-28 13:05:44,735300.0,COMPLETED,경상남도 논산시 반포대829가 796
879,18,2023-07-25 07:49:18,281100.0,COMPLETED,경기도 논산시 선릉길 876 (영길양홍마을)
880,215,2024-03-21 11:53:10,520200.0,COMPLETED,전라북도 군포시 봉은사1길 386
881,151,2024-08-22 16:47:02,222700.0,SHIPPED,광주광역시 남구 오금거리 161 (민서이마을)
882,38,2024-06-24 15:26:59,206600.0,SHIPPED,전라남도 안양시 서초중앙71가 561 (민준박면)
883,163,2025-05-24 11:23:35,924400.0,COMPLETED,충청북도 광주시 서초중앙가 234 (현정양동)
884,127,2025-01-20 06:22:44,1041000.0,COMPLETED,경상남도 청주시 청원구 오금27길 61
885,60,2023-09-28 18:25:09,970100.0,COMPLETED,대구광역시 서구 영동대05로 422 (승민남허리)
886,47,2025-07-20 16:24:47,398100.0,COMPLETED,울산광역시 남구 양재천거리 지하250 (성민권동)
887,18,2023-07-11 06:47:24,200400.0,COMPLETED,서울특별시 영등포구 잠실0가 471-44 (예지이백읍)
888,173,2025-08-06 06:32:23,1237600.0,COMPLETED,인천광역시 금천구 잠실84가 86 (민수김김마을)
889,88,2025-07-27 13:42:27,129200.0,SHIPPED,대구광역시 종로구 선릉로 414 (성민박동)
890,25,2023-03-05 19:27:14,1099100.0,CANCELLED,인천광역시 강서구 개포79가 444-72 (은서정면)
891,56,2024-05-19 21:18:01,397100.0,COMPLETED,대전광역시 관악구 서초대가 439
892,109,2021-03-15 06:02:56,1014500.0,COMPLETED,대구광역시 구로구 학동43가 166 (민서김면)
893,36,2023-05-17 17:00:56,270200.0,SHIPPED,서울특별시 서대문구 봉은사69로 517
894,110,2023-10-30 09:29:33,1021600.0,COMPLETED,강원도 고성군 언주7가 252
895,13,2025-01-08 07:21:24,520800.0,COMPLETED,서울특별시 구로구 양재천26길 지하271
896,50,2024-03-09 12:11:46,660300.0,COMPLETED,대구광역시 성북구 서초대길 253
897,109,2022-09-18 05:12:41,808300.0,COMPLETED,부산광역시 용산구 삼성로 962
898,181,2025-07-09 11:03:56,500300.0,COMPLETED,경상북도 당진시 봉은사거리 298-18 (영순김읍)
899,38,2023-12-16 01:27:05,744400.0,COMPLETED,서울특별시 강남구 학동546거리 336 (영철홍이동)
900,185,2025-06-06 04:33:50,156800.0,COMPLETED,광주광역시 성북구 언주로 지하17
901,143,2024-04-09 05:25:24,174900.0,COMPLETED,제주특별자치도 괴산군 잠실939가 220-41
902,99,2023-10-14 12:20:56,828000.0,SHIPPED,부산광역시 성북구 오금거리 520-96
903,43,2025-06-06 19:23:27,204000.0,SHIPPED,경상남도 태안군 학동가 499-95
904,230,2022-10-10 11:20:11,225300.0,COMPLETED,경기도 속초시 잠실거리 460-1 (영환양김리)
905,23,2022-11-06 10:42:16,338600.0,COMPLETED,광주광역시 중랑구 가락752거리 172-57
906,156,2025-05-24 03:26:58,1091400.0,COMPLETED,서울특별시 도봉구 가락22가 435
907,109,2024-02-04 04:09:56,438200.0,SHIPPED,제주특별자치도 계룡시 강남대가 550 (지아오마을)
908,144,2025-08-04 08:38:28,569900.0,COMPLETED,경기도 하남시 서초중앙1가 623-6
909,180,2025-06-23 01:01:52,553400.0,COMPLETED,강원도 철원군 학동884길 82
910,220,2023-10-28 15:21:55,858800.0,CANCELLED,경상남도 안산시 논현81거리 지하257 (현우김하마을)
911,165,2023-10-28 08:18:08,939600.0,COMPLETED,세종특별자치시 관악구 개포로 41-26
912,147,2024-01-31 16:17:52,1119100.0,COMPLETED,경상북도 증평군 역삼가 지하315
913,19,2023-09-29 08:47:13,225200.0,COMPLETED,경상남도 구리시 논현304길 791
914,105,2024-09-10 07:42:08,1067400.0,PENDING,광주광역시 종로구 선릉32로 214
915,85,2023-11-17 08:59:15,430400.0,COMPLETED,광주광역시 송파구 삼성길 805 (성수박문마을)
916,157,2025-01-29 23:16:28,482800.0,SHIPPED,대전광역시 강남구 선릉602거리 872-37
917,245,2025-08-05 09:50:44,693000.0,COMPLETED,충청북도 안양시 삼성2로 78
918,212,2024-12-14 01:24:13,559200.0,COMPLETED,전라북도 청주시 청원구 서초중앙76길 612
919,46,2023-12-07 08:44:34,186400.0,COMPLETED,서울특별시 남구 도산대거리 734 (상호강한동)
920,177,2022-06-25 00:58:05,500800.0,COMPLETED,울산광역시 종로구 서초중앙길 258-87 (정웅권이마을)
921,245,2025-08-02 03:57:54,69200.0,COMPLETED,세종특별자치시 종로구 가락88로 637
922,200,2025-08-02 14:03:35,225400.0,COMPLETED,경기도 보령시 테헤란로 770-88 (미영진서면)
923,64,2023-07-05 02:32:56,480100.0,COMPLETED,경상남도 계룡시 압구정74가 821-38 (성현전동)
924,147,2022-09-29 14:21:20,198400.0,COMPLETED,경기도 영월군 서초대로 661-8 (선영김김리)
925,106,2025-06-12 08:49:55,930400.0,SHIPPED,충청남도 증평군 영동대699가 728-13 (수진이윤읍)
926,38,2023-02-15 14:32:13,191900.0,COMPLETED,울산광역시 강북구 석촌호수6길 519-83 (예원이전마을)
927,86,2024-01-24 05:34:45,286800.0,SHIPPED,경상남도 수원시 권선구 삼성거리 172-50 (진호박동)
928,99,2023-07-04 21:51:47,856200.0,COMPLETED,서울특별시 양천구 압구정길 106 (현주우안면)
929,167,2025-07-31 13:09:49,105300.0,SHIPPED,서울특별시 성북구 역삼68가 135 (정웅류고동)
930,239,2025-06-03 04:57:12,578800.0,COMPLETED,충청남도 청주시 서원구 도산대가 530-22 (경수곽강동)
931,178,2024-01-29 08:12:09,326100.0,SHIPPED,광주광역시 서구 영동대길 816 (예준하이마을)
932,72,2022-10-08 15:42:07,669400.0,COMPLETED,전라북도 청양군 강남대가 771 (수진손김리)
933,123,2024-05-04 23:39:04,648300.0,COMPLETED,대전광역시 용산구 봉은사가 718-84
934,128,2024-02-14 15:43:35,910000.0,COMPLETED,전라남도 구리시 개포2길 지하573
935,176,2024-11-29 04:16:17,445600.0,COMPLETED,경상북도 수원시 팔달구 영동대가 750 (주원황동)
936,161,2022-02-22 07:24:30,519400.0,COMPLETED,세종특별자치시 동작구 도산대로 770-17
937,157,2025-04-15 18:59:22,294600.0,COMPLETED,서울특별시 마포구 백제고분05길 145-32
938,192,2024-12-13 15:02:00,607000.0,PENDING,세종특별자치시 동대문구 테헤란53길 781-56
939,210,2024-09-20 15:49:58,589100.0,COMPLETED,대전광역시 북구 가락길 612 (선영김읍)
940,118,2024-11-15 09:39:09,514800.0,SHIPPED,충청남도 하남시 압구정5가 544
941,228,2023-10-16 07:21:56,664800.0,COMPLETED,광주광역시 강동구 강남대876가 399 (민재강손읍)
942,166,2024-12-05 06:23:51,1021300.0,COMPLETED,강원도 청주시 흥덕구 역삼가 809-72 (서영최읍)
943,20,2021-11-07 01:36:43,358300.0,COMPLETED,제주특별자치도 남양주시 압구정로 967
944,156,2023-12-27 08:57:30,454300.0,COMPLETED,인천광역시 강동구 압구정385로 지하560
945,71,2025-05-31 06:45:00,954600.0,COMPLETED,대전광역시 중랑구 백제고분14로 381-46 (영호이윤읍)
946,117,2025-07-02 00:02:17,652200.0,COMPLETED,경상남도 평창군 봉은사82거리 978-17 (준서서면)
947,192,2025-07-04 14:15:15,1293200.0,CANCELLED,강원도 하남시 선릉로 854 (수빈윤황동)
948,171,2025-07-31 09:10:07,569200.0,COMPLETED,충청남도 양구군 테헤란로 495
949,207,2025-07-25 23:47:49,306000.0,COMPLETED,강원도 부천시 원미구 석촌호수길 746
950,241,2022-01-16 14:49:12,70200.0,COMPLETED,전라북도 의왕시 영동대2로 231-71
951,202,2023-02-01 13:52:44,141300.0,COMPLETED,강원도 수원시 팔달구 압구정가 721-57
952,145,2024-10-11 03:28:43,508600.0,CANCELLED,대전광역시 성북구 가락8거리 14-13
953,29,2025-06-07 07:07:22,589100.0,COMPLETED,대구광역시 북구 가락거리 647-14 (현우김하면)
954,209,2025-05-24 16:16:27,393600.0,COMPLETED,대전광역시 서대문구 잠실383가 101
955,222,2020-08-16 11:47:36,779700.0,COMPLETED,세종특별자치시 동작구 논현44길 141-78 (준호김읍)
956,41,2024-01-16 16:51:31,254500.0,COMPLETED,경상남도 포천시 언주가 255-35
957,88,2025-04-15 19:38:43,1299900.0,COMPLETED,전라북도 청주시 서원구 압구정6로 지하469
958,235,2024-08-22 00:12:04,373800.0,PENDING,대전광역시 성동구 역삼길 650
959,108,2024-09-14 00:07:43,806000.0,COMPLETED,충청북도 강릉시 잠실길 414
960,238,2021-08-13 10:14:26,169300.0,COMPLETED,광주광역시 마포구 학동가 191-64
961,54,2022-07-23 00:07:13,189100.0,COMPLETED,대전광역시 동작구 서초중앙44로 883-81
962,140,2023-01-31 17:00:57,358900.0,PENDING,경상북도 인제군 영동대길 306-26 (성호김면)
963,189,2024-09-23 17:31:52,896900.0,COMPLETED,경기도 제천시 오금213거리 459 (현주김리)
964,195,2024-01-11 16:14:04,792600.0,COMPLETED,서울특별시 서초구 가락421로 183 (명자한서리)
965,89,2023-01-31 11:49:37,1044700.0,COMPLETED,대전광역시 관악구 테헤란48가 66-97 (춘자하면)
966,134,2022-06-03 09:18:39,571500.0,COMPLETED,제주특별자치도 평택시 서초대거리 490-7
967,28,2022-06-07 17:45:20,605500.0,COMPLETED,경상남도 부여군 삼성568가 291
968,16,2023-12-29 22:39:38,92000.0,PENDING,경상북도 청주시 서원구 석촌호수1로 225-3
969,129,2021-06-14 22:45:17,571200.0,PENDING,인천광역시 영등포구 양재천374길 404
970,129,2023-06-29 19:32:31,257000.0,COMPLETED,부산광역시 금천구 잠실89가 464-14 (현정서마을)
971,107,2025-08-03 02:59:55,428900.0,SHIPPED,광주광역시 관악구 삼성로 817-12
972,17,2021-11-14 09:51:48,60200.0,PENDING,서울특별시 용산구 선릉4거리 715-68
973,110,2023-11-11 03:58:10,121200.0,COMPLETED,대구광역시 서구 학동길 317 (민지이김동)
974,49,2024-10-16 12:42:44,600900.0,COMPLETED,경상북도 김포시 서초대6가 344 (영숙이읍)
975,7,2024-11-22 05:15:40,217400.0,COMPLETED,광주광역시 동대문구 잠실54길 지하210 (종수이오마을)
976,197,2025-05-01 14:58:59,282400.0,SHIPPED,인천광역시 영등포구 영동대길 지하308 (순옥이류면)
977,78,2023-09-10 05:43:20,566300.0,COMPLETED,전라남도 수원시 서초중앙367로 901
978,72,2022-08-21 00:52:26,908400.0,COMPLETED,대전광역시 금천구 개포길 지하191 (춘자홍송리)
979,248,2024-11-06 00:42:43,754700.0,COMPLETED,전라북도 원주시 잠실633길 118
980,174,2025-06-23 04:36:16,643200.0,PENDING,충청남도 성남시 중원구 개포거리 776 (정자양리)
981,65,2024-09-25 20:27:30,791100.0,COMPLETED,강원도 화천군 석촌호수098거리 296 (영호최면)
982,79,2025-04-22 10:21:07,660500.0,COMPLETED,세종특별자치시 동구 가락911가 4-82 (지후장면)
983,109,2022-09-17 01:03:10,959600.0,COMPLETED,부산광역시 서초구 잠실285가 296 (은지이마을)
984,86,2024-12-07 05:49:39,193800.0,COMPLETED,인천광역시 남구 양재천거리 774 (미숙류민리)
985,133,2024-07-22 19:45:42,629700.0,COMPLETED,강원도 계룡시 석촌호수62길 838 (진우강하리)
986,28,2021-03-27 06:54:20,306800.0,CANCELLED,충청남도 원주시 석촌호수거리 968 (준혁이읍)
987,11,2024-06-23 01:29:18,695400.0,COMPLETED,대구광역시 종로구 서초중앙길 459-24 (재현심읍)
988,239,2025-05-26 00:02:51,779700.0,COMPLETED,세종특별자치시 서초구 석촌호수9거리 509
989,131,2025-03-22 11:45:06,239400.0,COMPLETED,인천광역시 동대문구 압구정1로 144-12
990,74,2025-06-18 17:48:42,195000.0,SHIPPED,경상남도 청주시 청원구 서초중앙5로 762 (춘자장김동)
991,204,2024-03-26 15:03:46,487500.0,COMPLETED,전라남도 남양주시 역삼520거리 947-74
992,250,2025-01-28 13:41:53,401200.0,SHIPPED,제주특별자치도 원주시 오금거리 344-6
993,231,2021-09-12 22:23:45,419600.0,SHIPPED,울산광역시 마포구 가락길 959
994,78,2022-08-01 19:30:57,356400.0,SHIPPED,서울특별시 금천구 백제고분6거리 81
995,101,2023-01-21 02:18:39,531700.0,COMPLETED,부산광역시 금천구 테헤란거리 475-4
996,91,2024-10-24 15:30:08,385800.0,COMPLETED,강원도 의정부시 잠실56가 4-34
997,34,2025-06-03 19:18:14,263500.0,COMPLETED,대구광역시 중구 강남대길 21
998,176,2023-12-24 10:01:40,173600.0,COMPLETED,전라북도 옥천군 선릉가 지하983
999,212,2025-04-23 23:16:16,754500.0,COMPLETED,서울특별시 금천구 영동대거리 446 (현지김동)
1000,182,2024-06-24 20:50:11,953600.0,COMPLETED,충청북도 충주시 테헤란66가 218 (채원이마을)
